city,country,name,properties,Air conditioning,BBQ grill,Baby safety gates,Backyard,Baking sheet,Bathtub,Bed linens,Bidet,Body soap,Books and reading material,Breakfast,Carbon monoxide alarm,Ceiling fan,Central heating,Children’s books and toys,Cleaning products,Clothing storage,Coffee,Coffee maker,Conditioner,Cooking basics,Crib,Dedicated workspace,Dining table,Dishes and silverware,Dishwasher,Dryer,Drying rack for clothing,Elevator,Essentials,Ethernet connection,Extra pillows and blankets,Fire extinguisher,First aid kit,Free driveway parking on premises,Free street parking,Freezer,"HDTV with Netflix, standard cable",Hair dryer,Hangers,Heating,High chair,Hot water,Hot water kettle,Indoor fireplace,Iron,Kitchen,Laundromat nearby,Lockbox,Long term stays allowed,Luggage dropoff allowed,Microwave,Mini fridge,Mosquito net,Outdoor furniture,Outlet covers,Oven,Paid parking off premises,Paid parking on premises,Patio or balcony,Portable fans,Private entrance,Radiant heating,Refrigerator,Room-darkening shades,Security cameras on property,Self check-in,Shampoo,Shower gel,Single level home,Smoke alarm,Smoking allowed,Sound system with aux,Stove,Suitable for events,TV,Trash compactor,Washer,Wifi,Wine glasses,geneva green conditioner
Chambarak,Armenia,Beautiful Guest House in Chambarak,"What this place offers Bathroom Hair dryer Shampoo Hot water Bedroom and laundry Washer Essentials Towels, bed sheets, soap, and toilet paper Hangers Bed linens Extra pillows and blankets Iron Entertainment TV with standard cable Suitable for events The listing can accommodate a gathering of 25 or more attendees Heating and cooling Heating Home safety Carbon monoxide alarm Fire extinguisher Lock on bedroom door Private room can be locked for safety and privacy Internet and office Wifi Available throughout the listing Dedicated workspace Kitchen and dining Kitchen Space where guests can cook their own meals Refrigerator Cooking basics Pots and pans, oil, salt and pepper Coffee maker Location features Lake access Guests can get to a lake using a path or dock Private entrance Separate street or building entrance Outdoor Patio or balcony Backyard An open space on the property usually covered in grass Parking and facilities Free parking on premises Services Pets allowed Assistance animals are always allowed Breakfast Breakfast is provided Long term stays allowed Allow stay for 28 days or more ",0.0,0.0,0.0,1.0,0.0,0.0,1.0,0.0,0.0,0.0,1.0,1.0,0.0,0.0,0.0,0.0,0.0,1.0,1.0,0.0,1.0,0.0,1.0,0.0,0.0,0.0,0.0,0.0,0.0,1.0,0.0,1.0,1.0,0.0,0.0,0.0,0.0,0.0,1.0,1.0,1.0,0.0,1.0,0.0,0.0,1.0,1.0,0.0,0.0,1.0,0.0,0.0,0.0,0.0,0.0,0.0,0.0,0.0,0.0,1.0,0.0,1.0,0.0,1.0,0.0,0.0,0.0,1.0,0.0,0.0,0.0,0.0,0.0,0.0,1.0,1.0,0.0,1.0,1.0,0.0,0.0
Aghavnavank,Armenia,Forest hut,"What this place offers Bedroom and laundry Essentials Towels, bed sheets, soap, and toilet paper Entertainment Suitable for events The listing can accommodate a gathering of 25 or more attendees Home safety First aid kit Internet and office Dedicated workspace Kitchen and dining Kitchen Space where guests can cook their own meals Cooking basics Pots and pans, oil, salt and pepper Dishes and silverware Coffee maker Location features Waterfront Right next to a body of water Outdoor Patio or balcony Backyard An open space on the property usually covered in grass Parking and facilities Free parking on premises Services Pets allowed Assistance animals are always allowed Smoking allowed Long term stays allowed Allow stay for 28 days or more ",0.0,0.0,0.0,1.0,0.0,0.0,0.0,0.0,0.0,0.0,0.0,0.0,0.0,0.0,0.0,0.0,0.0,1.0,1.0,0.0,1.0,0.0,1.0,0.0,1.0,0.0,0.0,0.0,0.0,1.0,0.0,0.0,0.0,1.0,0.0,0.0,0.0,0.0,0.0,0.0,0.0,0.0,0.0,0.0,0.0,0.0,1.0,0.0,0.0,1.0,0.0,0.0,0.0,0.0,0.0,0.0,0.0,0.0,0.0,1.0,0.0,0.0,0.0,0.0,0.0,0.0,0.0,0.0,0.0,0.0,0.0,1.0,0.0,0.0,1.0,0.0,0.0,0.0,0.0,0.0,0.0
Sevan,Armenia,Rest in Sevan geghama ashxarh,"What this place offers Bathroom Hair dryer Shampoo Hot water Bedroom and laundry Essentials Towels, bed sheets, soap, and toilet paper Hangers Iron Entertainment Suitable for events The listing can accommodate a gathering of 25 or more attendees Heating and cooling Air conditioning Heating Home safety Carbon monoxide alarm Fire extinguisher First aid kit Internet and office Wifi Available throughout the listing Kitchen and dining Kitchen Space where guests can cook their own meals Outdoor Patio or balcony BBQ grill Parking and facilities Free parking on premises Services Pets allowed Assistance animals are always allowed Smoking allowed Long term stays allowed Allow stay for 28 days or more ",1.0,1.0,0.0,0.0,0.0,0.0,0.0,0.0,0.0,0.0,0.0,1.0,0.0,0.0,0.0,0.0,0.0,0.0,0.0,0.0,0.0,0.0,0.0,0.0,0.0,0.0,0.0,0.0,0.0,1.0,0.0,0.0,1.0,1.0,0.0,0.0,0.0,0.0,1.0,1.0,1.0,0.0,1.0,0.0,0.0,1.0,1.0,0.0,0.0,1.0,0.0,0.0,0.0,0.0,0.0,0.0,0.0,0.0,0.0,1.0,0.0,0.0,0.0,0.0,0.0,0.0,0.0,1.0,0.0,0.0,0.0,1.0,0.0,0.0,1.0,0.0,0.0,0.0,1.0,0.0,0.0
Chambarak,Armenia,"Guest House 'Old Forge' in Chambarak, Armenia","What this place offers Bathroom Hair dryer Bedroom and laundry Essentials Towels, bed sheets, soap, and toilet paper Hangers Iron Entertainment Suitable for events The listing can accommodate a gathering of 25 or more attendees Heating and cooling Heating Kitchen and dining Kitchen Space where guests can cook their own meals Parking and facilities Free parking on premises Services Pets allowed Assistance animals are always allowed ",0.0,0.0,0.0,0.0,0.0,0.0,0.0,0.0,0.0,0.0,0.0,0.0,0.0,0.0,0.0,0.0,0.0,0.0,0.0,0.0,0.0,0.0,0.0,0.0,0.0,0.0,0.0,0.0,0.0,1.0,0.0,0.0,0.0,0.0,0.0,0.0,0.0,0.0,1.0,1.0,1.0,0.0,0.0,0.0,0.0,1.0,1.0,0.0,0.0,0.0,0.0,0.0,0.0,0.0,0.0,0.0,0.0,0.0,0.0,0.0,0.0,0.0,0.0,0.0,0.0,0.0,0.0,0.0,0.0,0.0,0.0,0.0,0.0,0.0,1.0,0.0,0.0,0.0,0.0,0.0,0.0
Kalavan,Armenia,Kalavan 7/8 guesthouse,"What this place offers Bathroom Hair dryer Cleaning products Shampoo Conditioner Body soap Hot water Shower gel Bedroom and laundry Washer Dryer Essentials Towels, bed sheets, soap, and toilet paper Hangers Bed linens Extra pillows and blankets Iron Drying rack for clothing Mosquito net Clothing storage Entertainment TV Suitable for events The listing can accommodate a gathering of 25 or more attendees Family Crib Pack ’n Play/travel crib High chair Changing table Heating and cooling Heating Home safety First aid kit Internet and office Wifi Available throughout the listing Dedicated workspace Pocket wifi Kitchen and dining Kitchen Space where guests can cook their own meals Refrigerator Microwave Cooking basics Pots and pans, oil, salt and pepper Dishes and silverware Mini fridge Freezer Dishwasher Stove Oven Hot water kettle Coffee maker: pour-over coffee Wine glasses Baking sheet Dining table Outdoor Backyard An open space on the property usually covered in grass BBQ grill Parking and facilities Free parking on premises Services Luggage dropoff allowed For guests' convenience when they have early arrival or late departure Long term stays allowed Allow stay for 28 days or more ",0.0,1.0,0.0,1.0,1.0,0.0,1.0,0.0,1.0,0.0,0.0,0.0,0.0,0.0,0.0,1.0,1.0,1.0,1.0,1.0,1.0,1.0,1.0,1.0,1.0,1.0,1.0,1.0,0.0,1.0,0.0,1.0,0.0,1.0,0.0,0.0,1.0,0.0,1.0,1.0,1.0,1.0,1.0,1.0,0.0,1.0,1.0,0.0,0.0,1.0,1.0,1.0,1.0,1.0,0.0,0.0,1.0,0.0,0.0,0.0,0.0,0.0,0.0,1.0,0.0,0.0,0.0,1.0,1.0,0.0,0.0,0.0,0.0,1.0,1.0,1.0,0.0,1.0,1.0,1.0,0.0
Sevan,Armenia,Sevan Shore Apartment,"What this place offers Bathroom Hair dryer Shampoo Hot water Bedroom and laundry Washer Dryer Essentials Towels, bed sheets, soap, and toilet paper Hangers Entertainment TV Heating and cooling Air conditioning Heating Home safety Smoke alarm Carbon monoxide alarm Fire extinguisher First aid kit Internet and office Wifi Available throughout the listing Kitchen and dining Kitchen Space where guests can cook their own meals Location features Lake access Guests can get to a lake using a path or dock Parking and facilities Free parking on premises Services Long term stays allowed Allow stay for 28 days or more Host greets you ",1.0,0.0,0.0,0.0,0.0,0.0,0.0,0.0,0.0,0.0,0.0,1.0,0.0,0.0,0.0,0.0,0.0,0.0,0.0,0.0,0.0,0.0,0.0,0.0,0.0,0.0,1.0,0.0,0.0,1.0,0.0,0.0,1.0,1.0,0.0,0.0,0.0,0.0,1.0,1.0,1.0,0.0,1.0,0.0,0.0,0.0,1.0,0.0,0.0,1.0,0.0,0.0,0.0,0.0,0.0,0.0,0.0,0.0,0.0,0.0,0.0,0.0,0.0,0.0,0.0,0.0,0.0,1.0,0.0,0.0,1.0,0.0,0.0,0.0,0.0,1.0,0.0,1.0,1.0,0.0,0.0
Tsapatagh,Armenia,Cozy lodge overlooking Lake Sevan.,"What this place offers Bathroom Hair dryer Hot water Bedroom and laundry Washer Essentials Towels, bed sheets, soap, and toilet paper Bed linens Extra pillows and blankets Iron Entertainment TV Home safety Lock on bedroom door Private room can be locked for safety and privacy First aid kit Internet and office Wifi Available throughout the listing Kitchen and dining Kitchen Space where guests can cook their own meals Location features Private entrance Separate street or building entrance Parking and facilities Free parking on premises Services Breakfast Breakfast is provided Host greets you ",0.0,0.0,0.0,0.0,0.0,0.0,1.0,0.0,0.0,0.0,1.0,0.0,0.0,0.0,0.0,0.0,0.0,0.0,0.0,0.0,0.0,0.0,0.0,0.0,0.0,0.0,0.0,0.0,0.0,1.0,0.0,1.0,0.0,1.0,0.0,0.0,0.0,0.0,1.0,0.0,0.0,0.0,1.0,0.0,0.0,1.0,1.0,0.0,0.0,0.0,0.0,0.0,0.0,0.0,0.0,0.0,0.0,0.0,0.0,0.0,0.0,1.0,0.0,0.0,0.0,0.0,0.0,0.0,0.0,0.0,0.0,0.0,0.0,0.0,0.0,1.0,0.0,1.0,1.0,0.0,0.0
Kalavan,Armenia,Comfortable and peaceful room in Kalavan house,"What this place offers Bathroom Hair dryer Shampoo Bedroom and laundry Essentials Towels, bed sheets, soap, and toilet paper Hangers Iron Entertainment TV Suitable for events The listing can accommodate a gathering of 25 or more attendees Heating and cooling Heating Home safety First aid kit Internet and office Wifi Available throughout the listing Kitchen and dining Kitchen Space where guests can cook their own meals Refrigerator Cooking basics Pots and pans, oil, salt and pepper Dishes and silverware Stove Coffee maker Outdoor Backyard An open space on the property usually covered in grass BBQ grill Parking and facilities Free parking on premises Services Long term stays allowed Allow stay for 28 days or more ",0.0,1.0,0.0,1.0,0.0,0.0,0.0,0.0,0.0,0.0,0.0,0.0,0.0,0.0,0.0,0.0,0.0,1.0,1.0,0.0,1.0,0.0,0.0,0.0,1.0,0.0,0.0,0.0,0.0,1.0,0.0,0.0,0.0,1.0,0.0,0.0,0.0,0.0,1.0,1.0,1.0,0.0,0.0,0.0,0.0,1.0,1.0,0.0,0.0,1.0,0.0,0.0,0.0,0.0,0.0,0.0,0.0,0.0,0.0,0.0,0.0,0.0,0.0,1.0,0.0,0.0,0.0,1.0,0.0,0.0,0.0,0.0,0.0,1.0,1.0,1.0,0.0,0.0,1.0,0.0,0.0
Chambarak,Armenia,B&B ANNA Guest house Anna Chambarak,"What this place offers Bathroom Hair dryer Shampoo Hot water Shower gel Bedroom and laundry Paid washer – In building Essentials Towels, bed sheets, soap, and toilet paper Hangers Bed linens Extra pillows and blankets Iron Entertainment TV with standard cable Suitable for events The listing can accommodate a gathering of 25 or more attendees Family Window guards Heating and cooling Heating Home safety Lock on bedroom door Private room can be locked for safety and privacy First aid kit Internet and office Wifi Available throughout the listing Kitchen and dining Kitchen Space where guests can cook their own meals Refrigerator Cooking basics Pots and pans, oil, salt and pepper Dishes and silverware Electric stove Coffee maker Dining table Outdoor Shared backyard An open space on the property usually covered in grass Outdoor dining area BBQ grill Parking and facilities Free parking on premises Free street parking Services Luggage dropoff allowed For guests' convenience when they have early arrival or late departure Breakfast Breakfast is provided Long term stays allowed Allow stay for 28 days or more Cleaning before checkout ",0.0,1.0,0.0,0.0,0.0,0.0,1.0,0.0,0.0,0.0,1.0,0.0,0.0,0.0,0.0,0.0,0.0,1.0,1.0,0.0,1.0,0.0,0.0,1.0,1.0,0.0,0.0,0.0,0.0,1.0,0.0,1.0,0.0,1.0,0.0,1.0,0.0,0.0,1.0,1.0,1.0,0.0,1.0,0.0,0.0,1.0,1.0,0.0,0.0,1.0,1.0,0.0,0.0,0.0,0.0,0.0,0.0,0.0,0.0,0.0,0.0,0.0,0.0,1.0,0.0,0.0,0.0,1.0,1.0,0.0,0.0,0.0,0.0,0.0,1.0,1.0,0.0,0.0,1.0,0.0,0.0
Martuni,Armenia,Bee&B - Apitherapy center & Guesthouse,"What this place offers Bathroom Hot water Bedroom and laundry Washer Essentials Towels, bed sheets, soap, and toilet paper Entertainment TV Suitable for events The listing can accommodate a gathering of 25 or more attendees Heating and cooling Heating Internet and office Wifi Available throughout the listing Dedicated workspace Location features Private entrance Separate street or building entrance Parking and facilities Free parking on premises Private living room Services Pets allowed Assistance animals are always allowed Breakfast Breakfast is provided Smoking allowed Long term stays allowed Allow stay for 28 days or more ",0.0,0.0,0.0,0.0,0.0,0.0,0.0,0.0,0.0,0.0,1.0,0.0,0.0,0.0,0.0,0.0,0.0,0.0,0.0,0.0,0.0,0.0,1.0,0.0,0.0,0.0,0.0,0.0,0.0,1.0,0.0,0.0,0.0,0.0,0.0,0.0,0.0,0.0,0.0,0.0,1.0,0.0,1.0,0.0,0.0,0.0,0.0,0.0,0.0,1.0,0.0,0.0,0.0,0.0,0.0,0.0,0.0,0.0,0.0,0.0,0.0,1.0,0.0,0.0,0.0,0.0,0.0,0.0,0.0,0.0,0.0,1.0,0.0,0.0,1.0,1.0,0.0,1.0,1.0,0.0,0.0
Sevan,Armenia,Aurum Trip Guest House with a great view,"What this place offers Bathroom Hair dryer Shampoo Bedroom and laundry Washer Essentials Towels, bed sheets, soap, and toilet paper Hangers Iron Entertainment TV Suitable for events The listing can accommodate a gathering of 25 or more attendees Home safety Lock on bedroom door Private room can be locked for safety and privacy Internet and office Wifi Available throughout the listing Dedicated workspace Kitchen and dining Kitchen Space where guests can cook their own meals Stove Location features Lake access Guests can get to a lake using a path or dock Private entrance Separate street or building entrance Parking and facilities Free parking on premises Free street parking Private living room Services Pets allowed Assistance animals are always allowed Breakfast Breakfast is provided Smoking allowed Long term stays allowed Allow stay for 28 days or more ",0.0,0.0,0.0,0.0,0.0,0.0,0.0,0.0,0.0,0.0,1.0,0.0,0.0,0.0,0.0,0.0,0.0,0.0,0.0,0.0,0.0,0.0,1.0,0.0,0.0,0.0,0.0,0.0,0.0,1.0,0.0,0.0,0.0,0.0,0.0,1.0,0.0,0.0,1.0,1.0,0.0,0.0,0.0,0.0,0.0,1.0,1.0,0.0,0.0,1.0,0.0,0.0,0.0,0.0,0.0,0.0,0.0,0.0,0.0,0.0,0.0,1.0,0.0,0.0,0.0,0.0,0.0,1.0,0.0,0.0,0.0,1.0,0.0,1.0,1.0,1.0,0.0,1.0,1.0,0.0,0.0
Sevan,Armenia,Economy homes on the Sevan Peninsula,"What this place offers Bathroom Hair dryer Bedroom and laundry Essentials Towels, bed sheets, soap, and toilet paper Entertainment TV Heating and cooling Heating Home safety Lock on bedroom door Private room can be locked for safety and privacy First aid kit Internet and office Wifi Available throughout the listing Kitchen and dining Kitchen Space where guests can cook their own meals Parking and facilities Free parking on premises Private living room Services Breakfast Breakfast is provided Long term stays allowed Allow stay for 28 days or more ",0.0,0.0,0.0,0.0,0.0,0.0,0.0,0.0,0.0,0.0,1.0,0.0,0.0,0.0,0.0,0.0,0.0,0.0,0.0,0.0,0.0,0.0,0.0,0.0,0.0,0.0,0.0,0.0,0.0,1.0,0.0,0.0,0.0,1.0,0.0,0.0,0.0,0.0,1.0,0.0,1.0,0.0,0.0,0.0,0.0,0.0,1.0,0.0,0.0,1.0,0.0,0.0,0.0,0.0,0.0,0.0,0.0,0.0,0.0,0.0,0.0,0.0,0.0,0.0,0.0,0.0,0.0,0.0,0.0,0.0,0.0,0.0,0.0,0.0,0.0,1.0,0.0,0.0,1.0,0.0,0.0
Sevan,Armenia,Sevan hangsti tun Geghama ashxarh,"What this place offers Bathroom Hot water Bedroom and laundry Washer Essentials Towels, bed sheets, soap, and toilet paper Iron Entertainment Suitable for events The listing can accommodate a gathering of 25 or more attendees Heating and cooling Heating Home safety Fire extinguisher First aid kit Internet and office Wifi Available throughout the listing Kitchen and dining Kitchen Space where guests can cook their own meals Parking and facilities Free parking on premises Services Pets allowed Assistance animals are always allowed Smoking allowed ",0.0,0.0,0.0,0.0,0.0,0.0,0.0,0.0,0.0,0.0,0.0,0.0,0.0,0.0,0.0,0.0,0.0,0.0,0.0,0.0,0.0,0.0,0.0,0.0,0.0,0.0,0.0,0.0,0.0,1.0,0.0,0.0,1.0,1.0,0.0,0.0,0.0,0.0,0.0,0.0,1.0,0.0,1.0,0.0,0.0,1.0,1.0,0.0,0.0,0.0,0.0,0.0,0.0,0.0,0.0,0.0,0.0,0.0,0.0,0.0,0.0,0.0,0.0,0.0,0.0,0.0,0.0,0.0,0.0,0.0,0.0,1.0,0.0,0.0,1.0,0.0,0.0,1.0,1.0,0.0,0.0
Sevan,Armenia,Writers' Holiday Home (Sevan Peninsula),"What this place offers Bathroom Shampoo Hot water Bedroom and laundry Washer Essentials Towels, bed sheets, soap, and toilet paper Entertainment TV with standard cable Suitable for events The listing can accommodate a gathering of 25 or more attendees Internet and office Wifi Available throughout the listing Parking and facilities Free parking on premises Services Pets allowed Assistance animals are always allowed Smoking allowed Long term stays allowed Allow stay for 28 days or more ",0.0,0.0,0.0,0.0,0.0,0.0,0.0,0.0,0.0,0.0,0.0,0.0,0.0,0.0,0.0,0.0,0.0,0.0,0.0,0.0,0.0,0.0,0.0,0.0,0.0,0.0,0.0,0.0,0.0,1.0,0.0,0.0,0.0,0.0,0.0,0.0,0.0,0.0,0.0,0.0,0.0,0.0,1.0,0.0,0.0,0.0,0.0,0.0,0.0,1.0,0.0,0.0,0.0,0.0,0.0,0.0,0.0,0.0,0.0,0.0,0.0,0.0,0.0,0.0,0.0,0.0,0.0,1.0,0.0,0.0,0.0,1.0,0.0,0.0,1.0,1.0,0.0,1.0,1.0,0.0,0.0
Norashen,Armenia,The edge of the world,"What this place offers Bathroom Hair dryer Shampoo Bedroom and laundry Washer Essentials Towels, bed sheets, soap, and toilet paper Hangers Iron Entertainment TV Suitable for events The listing can accommodate a gathering of 25 or more attendees Heating and cooling Heating Home safety Smoke alarm Carbon monoxide alarm First aid kit Internet and office Wifi Available throughout the listing Kitchen and dining Kitchen Space where guests can cook their own meals Parking and facilities Free parking on premises Services Pets allowed Assistance animals are always allowed Breakfast Breakfast is provided Smoking allowed Long term stays allowed Allow stay for 28 days or more ",0.0,0.0,0.0,0.0,0.0,0.0,0.0,0.0,0.0,0.0,1.0,1.0,0.0,0.0,0.0,0.0,0.0,0.0,0.0,0.0,0.0,0.0,0.0,0.0,0.0,0.0,0.0,0.0,0.0,1.0,0.0,0.0,0.0,1.0,0.0,0.0,0.0,0.0,1.0,1.0,1.0,0.0,0.0,0.0,0.0,1.0,1.0,0.0,0.0,1.0,0.0,0.0,0.0,0.0,0.0,0.0,0.0,0.0,0.0,0.0,0.0,0.0,0.0,0.0,0.0,0.0,0.0,1.0,0.0,0.0,1.0,1.0,0.0,0.0,1.0,1.0,0.0,1.0,1.0,0.0,0.0
Sevan,Armenia,Modern cottage in the national park and near Lake,"What this place offers Bathroom Hair dryer Shampoo Bedroom and laundry Washer Essentials Towels, bed sheets, soap, and toilet paper Hangers Iron Entertainment TV Suitable for events The listing can accommodate a gathering of 25 or more attendees Heating and cooling Indoor fireplace Heating Internet and office Wifi Available throughout the listing Dedicated workspace Kitchen and dining Kitchen Space where guests can cook their own meals Location features Private entrance Separate street or building entrance Parking and facilities Free parking on premises Services Pets allowed Assistance animals are always allowed Smoking allowed Long term stays allowed Allow stay for 28 days or more ",0.0,0.0,0.0,0.0,0.0,0.0,0.0,0.0,0.0,0.0,0.0,0.0,0.0,0.0,0.0,0.0,0.0,0.0,0.0,0.0,0.0,0.0,1.0,0.0,0.0,0.0,0.0,0.0,0.0,1.0,0.0,0.0,0.0,0.0,0.0,0.0,0.0,0.0,1.0,1.0,1.0,0.0,0.0,0.0,1.0,1.0,1.0,0.0,0.0,1.0,0.0,0.0,0.0,0.0,0.0,0.0,0.0,0.0,0.0,0.0,0.0,1.0,0.0,0.0,0.0,0.0,0.0,1.0,0.0,0.0,0.0,1.0,0.0,0.0,1.0,1.0,0.0,1.0,1.0,0.0,0.0
Kalavan,Armenia,Large Country House with lovely views for 6 people,"What this place offers Bathroom Shampoo Bedroom and laundry Washer Essentials Towels, bed sheets, soap, and toilet paper Hangers Iron Entertainment Suitable for events The listing can accommodate a gathering of 25 or more attendees Heating and cooling Heating Home safety Smoke alarm First aid kit Internet and office Dedicated workspace Kitchen and dining Kitchen Space where guests can cook their own meals Dishes and silverware Coffee maker Location features Private entrance Separate street or building entrance Parking and facilities Free parking on premises Free street parking Services Pets allowed Assistance animals are always allowed Host greets you Long term stays allowed Allow stay for 28 days or more ",0.0,0.0,0.0,0.0,0.0,0.0,0.0,0.0,0.0,0.0,0.0,0.0,0.0,0.0,0.0,0.0,0.0,1.0,1.0,0.0,0.0,0.0,1.0,0.0,1.0,0.0,0.0,0.0,0.0,1.0,0.0,0.0,0.0,1.0,0.0,1.0,0.0,0.0,0.0,1.0,1.0,0.0,0.0,0.0,0.0,1.0,1.0,0.0,0.0,1.0,0.0,0.0,0.0,0.0,0.0,0.0,0.0,0.0,0.0,0.0,0.0,1.0,0.0,0.0,0.0,0.0,0.0,1.0,0.0,0.0,1.0,0.0,0.0,0.0,1.0,0.0,0.0,1.0,0.0,0.0,0.0
Ijevan,Armenia,Standard room N1,"What this place offers Bathroom Shampoo Hot water Bedroom and laundry Essentials Towels, bed sheets, soap, and toilet paper Hangers Entertainment TV Heating and cooling Air conditioning Heating Home safety Carbon monoxide alarm Internet and office Wifi Available throughout the listing Dedicated workspace Location features Private entrance Separate street or building entrance Parking and facilities Free parking on premises Services Long term stays allowed Allow stay for 28 days or more ",1.0,0.0,0.0,0.0,0.0,0.0,0.0,0.0,0.0,0.0,0.0,1.0,0.0,0.0,0.0,0.0,0.0,0.0,0.0,0.0,0.0,0.0,1.0,0.0,0.0,0.0,0.0,0.0,0.0,1.0,0.0,0.0,0.0,0.0,0.0,0.0,0.0,0.0,0.0,1.0,1.0,0.0,1.0,0.0,0.0,0.0,0.0,0.0,0.0,1.0,0.0,0.0,0.0,0.0,0.0,0.0,0.0,0.0,0.0,0.0,0.0,1.0,0.0,0.0,0.0,0.0,0.0,1.0,0.0,0.0,0.0,0.0,0.0,0.0,0.0,1.0,0.0,0.0,1.0,0.0,0.0
Ijevan,Armenia,Garden House,"What this place offers Bathroom Hair dryer Cleaning products Shampoo Hot water Bedroom and laundry Washer Dryer Essentials Towels, bed sheets, soap, and toilet paper Bed linens Extra pillows and blankets Room-darkening shades Iron Drying rack for clothing Clothing storage Entertainment TV Suitable for events The listing can accommodate a gathering of 25 or more attendees Books and reading material Heating and cooling Air conditioning Heating Internet and office Wifi Available throughout the listing Kitchen and dining Kitchen Space where guests can cook their own meals Refrigerator Microwave Dishes and silverware Stove Oven Hot water kettle Coffee maker Barbecue utensils Dining table Location features Private entrance Separate street or building entrance Outdoor Patio or balcony Outdoor furniture Outdoor dining area BBQ grill Parking and facilities Free parking on premises Free street parking Single level home No stairs in home Services Luggage dropoff allowed For guests' convenience when they have early arrival or late departure Long term stays allowed Allow stay for 28 days or more Cleaning before checkout ",1.0,1.0,0.0,0.0,0.0,0.0,1.0,0.0,0.0,1.0,0.0,0.0,0.0,0.0,0.0,1.0,1.0,1.0,1.0,0.0,0.0,0.0,0.0,1.0,1.0,0.0,1.0,1.0,0.0,1.0,0.0,1.0,0.0,0.0,0.0,1.0,0.0,0.0,1.0,0.0,1.0,0.0,1.0,1.0,0.0,1.0,1.0,0.0,0.0,1.0,1.0,1.0,0.0,0.0,1.0,0.0,1.0,0.0,0.0,1.0,0.0,1.0,0.0,1.0,1.0,0.0,0.0,1.0,0.0,1.0,0.0,0.0,0.0,1.0,1.0,1.0,0.0,1.0,1.0,0.0,0.0
Sevan,Armenia,Sevan flat,"What this place offers Bathroom Hair dryer Shampoo Hot water Shower gel Bedroom and laundry Hangers Bed linens Extra pillows and blankets Iron Entertainment TV Suitable for events The listing can accommodate a gathering of 25 or more attendees Family Children’s books and toys Babysitter recommendations Heating and cooling Heating Home safety Fire extinguisher First aid kit Internet and office Wifi Available throughout the listing Dedicated workspace Kitchen and dining Kitchen Space where guests can cook their own meals Refrigerator Cooking basics Pots and pans, oil, salt and pepper Dishes and silverware Stove Coffee maker Barbecue utensils Location features Waterfront Right next to a body of water Beach access – Beachfront Guests can enjoy a nearby beach Lake access Guests can get to a lake using a path or dock Private entrance Separate street or building entrance Outdoor Backyard An open space on the property usually covered in grass BBQ grill Beach essentials Beach towels, umbrella, beach blanket, snorkeling gear Parking and facilities Free parking on premises Free street parking Services Pets allowed Assistance animals are always allowed Luggage dropoff allowed For guests' convenience when they have early arrival or late departure Smoking allowed Long term stays allowed Allow stay for 28 days or more ",0.0,1.0,0.0,1.0,0.0,0.0,1.0,0.0,0.0,0.0,0.0,0.0,0.0,0.0,1.0,0.0,0.0,1.0,1.0,0.0,1.0,0.0,1.0,0.0,1.0,0.0,0.0,0.0,0.0,0.0,0.0,1.0,1.0,1.0,0.0,1.0,0.0,0.0,1.0,1.0,1.0,0.0,1.0,0.0,0.0,1.0,1.0,0.0,0.0,1.0,1.0,0.0,0.0,0.0,0.0,0.0,0.0,0.0,0.0,0.0,0.0,1.0,0.0,1.0,0.0,0.0,0.0,1.0,1.0,0.0,0.0,1.0,0.0,1.0,1.0,1.0,0.0,0.0,1.0,0.0,0.0
Kalavan,Armenia,Private room for couple with magical view,"What this place offers Bathroom Hair dryer Shampoo Bedroom and laundry Essentials Towels, bed sheets, soap, and toilet paper Hangers Iron Entertainment TV Suitable for events The listing can accommodate a gathering of 25 or more attendees Heating and cooling Heating Home safety Lock on bedroom door Private room can be locked for safety and privacy First aid kit Internet and office Wifi Available throughout the listing Kitchen and dining Kitchen Space where guests can cook their own meals Refrigerator Cooking basics Pots and pans, oil, salt and pepper Dishes and silverware Stove Coffee maker Outdoor Patio or balcony Backyard An open space on the property usually covered in grass Fire pit Outdoor furniture BBQ grill Parking and facilities Free parking on premises Services Breakfast Breakfast is provided Long term stays allowed Allow stay for 28 days or more ",0.0,1.0,0.0,1.0,0.0,0.0,0.0,0.0,0.0,0.0,1.0,0.0,0.0,0.0,0.0,0.0,0.0,1.0,1.0,0.0,1.0,0.0,0.0,0.0,1.0,0.0,0.0,0.0,0.0,1.0,0.0,0.0,0.0,1.0,0.0,0.0,0.0,0.0,1.0,1.0,1.0,0.0,0.0,0.0,0.0,1.0,1.0,0.0,0.0,1.0,0.0,0.0,0.0,0.0,1.0,0.0,0.0,0.0,0.0,1.0,0.0,0.0,0.0,1.0,0.0,0.0,0.0,1.0,0.0,0.0,0.0,0.0,0.0,1.0,1.0,1.0,0.0,0.0,1.0,0.0,0.0
Ijevan,Armenia,"The fourth ""on the high""","What this place offers Bedroom and laundry Essentials Towels, bed sheets, soap, and toilet paper Entertainment Suitable for events The listing can accommodate a gathering of 25 or more attendees Home safety First aid kit Kitchen and dining Kitchen Space where guests can cook their own meals Location features Private entrance Separate street or building entrance Parking and facilities Free parking on premises Services Long term stays allowed Allow stay for 28 days or more ",0.0,0.0,0.0,0.0,0.0,0.0,0.0,0.0,0.0,0.0,0.0,0.0,0.0,0.0,0.0,0.0,0.0,0.0,0.0,0.0,0.0,0.0,0.0,0.0,0.0,0.0,0.0,0.0,0.0,1.0,0.0,0.0,0.0,1.0,0.0,0.0,0.0,0.0,0.0,0.0,0.0,0.0,0.0,0.0,0.0,0.0,1.0,0.0,0.0,1.0,0.0,0.0,0.0,0.0,0.0,0.0,0.0,0.0,0.0,0.0,0.0,1.0,0.0,0.0,0.0,0.0,0.0,0.0,0.0,0.0,0.0,0.0,0.0,0.0,1.0,0.0,0.0,0.0,0.0,0.0,0.0
Martuni,Armenia,Bee&B - Apitherapy center & Guesthouse,"What this place offers Bathroom Hot water Bedroom and laundry Washer Essentials Towels, bed sheets, soap, and toilet paper Entertainment TV Suitable for events The listing can accommodate a gathering of 25 or more attendees Heating and cooling Heating Internet and office Wifi Available throughout the listing Dedicated workspace Location features Private entrance Separate street or building entrance Parking and facilities Free parking on premises Private living room Services Pets allowed Assistance animals are always allowed Breakfast Breakfast is provided Smoking allowed Long term stays allowed Allow stay for 28 days or more ",0.0,0.0,0.0,0.0,0.0,0.0,0.0,0.0,0.0,0.0,1.0,0.0,0.0,0.0,0.0,0.0,0.0,0.0,0.0,0.0,0.0,0.0,1.0,0.0,0.0,0.0,0.0,0.0,0.0,1.0,0.0,0.0,0.0,0.0,0.0,0.0,0.0,0.0,0.0,0.0,1.0,0.0,1.0,0.0,0.0,0.0,0.0,0.0,0.0,1.0,0.0,0.0,0.0,0.0,0.0,0.0,0.0,0.0,0.0,0.0,0.0,1.0,0.0,0.0,0.0,0.0,0.0,0.0,0.0,0.0,0.0,1.0,0.0,0.0,1.0,1.0,0.0,1.0,1.0,0.0,0.0
Ijevan,Armenia,Guest House Ijevan's Garden,"What this place offers Bathroom Shampoo Body soap Hot water Bedroom and laundry Essentials Towels, bed sheets, soap, and toilet paper Bed linens Extra pillows and blankets Iron Clothing storage Heating and cooling Air conditioning Home safety Lock on bedroom door Private room can be locked for safety and privacy Internet and office Wifi Available throughout the listing Kitchen and dining Kitchen Space where guests can cook their own meals Cooking basics Pots and pans, oil, salt and pepper Hot water kettle Barbecue utensils Outdoor Patio or balcony BBQ grill Parking and facilities Free parking on premises Services Smoking allowed Long term stays allowed Allow stay for 28 days or more ",1.0,1.0,0.0,0.0,0.0,0.0,1.0,0.0,1.0,0.0,0.0,0.0,0.0,0.0,0.0,0.0,1.0,0.0,0.0,0.0,1.0,0.0,0.0,0.0,0.0,0.0,0.0,0.0,0.0,1.0,0.0,1.0,0.0,0.0,0.0,0.0,0.0,0.0,0.0,0.0,1.0,0.0,1.0,1.0,0.0,1.0,1.0,0.0,0.0,1.0,0.0,0.0,0.0,0.0,0.0,0.0,0.0,0.0,0.0,1.0,0.0,0.0,0.0,0.0,0.0,0.0,0.0,1.0,0.0,0.0,0.0,1.0,0.0,0.0,0.0,0.0,0.0,0.0,1.0,0.0,0.0
Ijevan,Armenia,Standard room N1,"What this place offers Bathroom Shampoo Hot water Bedroom and laundry Essentials Towels, bed sheets, soap, and toilet paper Hangers Entertainment TV Heating and cooling Air conditioning Heating Home safety Carbon monoxide alarm Internet and office Wifi Available throughout the listing Dedicated workspace Location features Private entrance Separate street or building entrance Parking and facilities Free parking on premises Services Long term stays allowed Allow stay for 28 days or more ",1.0,0.0,0.0,0.0,0.0,0.0,0.0,0.0,0.0,0.0,0.0,1.0,0.0,0.0,0.0,0.0,0.0,0.0,0.0,0.0,0.0,0.0,1.0,0.0,0.0,0.0,0.0,0.0,0.0,1.0,0.0,0.0,0.0,0.0,0.0,0.0,0.0,0.0,0.0,1.0,1.0,0.0,1.0,0.0,0.0,0.0,0.0,0.0,0.0,1.0,0.0,0.0,0.0,0.0,0.0,0.0,0.0,0.0,0.0,0.0,0.0,1.0,0.0,0.0,0.0,0.0,0.0,1.0,0.0,0.0,0.0,0.0,0.0,0.0,0.0,1.0,0.0,0.0,1.0,0.0,0.0
Aghavnavank,Armenia,Tent for two,"What this place offers Bedroom and laundry Essentials Towels, bed sheets, soap, and toilet paper Entertainment Suitable for events The listing can accommodate a gathering of 25 or more attendees Home safety First aid kit Internet and office Dedicated workspace Kitchen and dining Kitchen Space where guests can cook their own meals Location features Waterfront Right next to a body of water Parking and facilities Free parking on premises Services Pets allowed Assistance animals are always allowed Smoking allowed Long term stays allowed Allow stay for 28 days or more ",0.0,0.0,0.0,0.0,0.0,0.0,0.0,0.0,0.0,0.0,0.0,0.0,0.0,0.0,0.0,0.0,0.0,0.0,0.0,0.0,0.0,0.0,1.0,0.0,0.0,0.0,0.0,0.0,0.0,1.0,0.0,0.0,0.0,1.0,0.0,0.0,0.0,0.0,0.0,0.0,0.0,0.0,0.0,0.0,0.0,0.0,1.0,0.0,0.0,1.0,0.0,0.0,0.0,0.0,0.0,0.0,0.0,0.0,0.0,0.0,0.0,0.0,0.0,0.0,0.0,0.0,0.0,0.0,0.0,0.0,0.0,1.0,0.0,0.0,1.0,0.0,0.0,0.0,0.0,0.0,0.0
Sevan,Armenia,Kotedj - LAVANDA CITY 3-1,"What this place offers Bathroom Hair dryer Shampoo Hot water Bedroom and laundry Essentials Towels, bed sheets, soap, and toilet paper Hangers Bed linens Extra pillows and blankets Iron Entertainment TV Suitable for events The listing can accommodate a gathering of 25 or more attendees Heating and cooling Heating Internet and office Wifi Available throughout the listing Dedicated workspace Kitchen and dining Kitchen Space where guests can cook their own meals Refrigerator Cooking basics Pots and pans, oil, salt and pepper Stove Coffee maker Outdoor Patio or balcony Backyard An open space on the property usually covered in grass BBQ grill Parking and facilities Free parking on premises Free street parking Single level home No stairs in home Services Pets allowed Assistance animals are always allowed Breakfast Breakfast is provided Smoking allowed Self check-in Building staff Someone is available 24 hours a day to let guests in Long term stays allowed Allow stay for 28 days or more ",0.0,1.0,0.0,1.0,0.0,0.0,1.0,0.0,0.0,0.0,1.0,0.0,0.0,0.0,0.0,0.0,0.0,1.0,1.0,0.0,1.0,0.0,1.0,0.0,0.0,0.0,0.0,0.0,0.0,1.0,0.0,1.0,0.0,0.0,0.0,1.0,0.0,0.0,1.0,1.0,1.0,0.0,1.0,0.0,0.0,1.0,1.0,0.0,0.0,1.0,0.0,0.0,0.0,0.0,0.0,0.0,0.0,0.0,0.0,1.0,0.0,0.0,0.0,1.0,0.0,0.0,1.0,1.0,0.0,1.0,0.0,1.0,0.0,1.0,1.0,1.0,0.0,0.0,1.0,0.0,0.0
Gosh,Armenia,GoshDream Guesthouse,"What this place offers Bathroom Bathtub Hair dryer Cleaning products Shampoo Body soap Hot water Shower gel Bedroom and laundry Washer Dryer Essentials Towels, bed sheets, soap, and toilet paper Hangers Extra pillows and blankets Room-darkening shades Iron Drying rack for clothing Mosquito net Clothing storage: closet Entertainment TV with standard cable Piano Record player Bluetooth sound system Pool table Suitable for events The listing can accommodate a gathering of 25 or more attendees Heating and cooling Indoor fireplace Heating Home safety Smoke alarm Carbon monoxide alarm Fire extinguisher Lock on bedroom door Private room can be locked for safety and privacy First aid kit Internet and office Wifi Available throughout the listing Dedicated workspace Kitchen and dining Kitchen Space where guests can cook their own meals Refrigerator Microwave Cooking basics Pots and pans, oil, salt and pepper Dishes and silverware Mini fridge Freezer Dishwasher Stove Oven Hot water kettle Coffee maker: Keurig coffee machine, Nespresso, pour-over coffee Wine glasses Toaster Baking sheet Barbecue utensils Dining table Bread maker Location features Lake access Guests can get to a lake using a path or dock Outdoor Patio or balcony Backyard An open space on the property usually covered in grass Fire pit Outdoor furniture Outdoor dining area BBQ grill Beach essentials Beach towels, umbrella, beach blanket, snorkeling gear Bikes Parking and facilities Free parking on premises Free street parking Pool Private hot tub Shared sauna Gym Private living room Services Pets allowed Assistance animals are always allowed Luggage dropoff allowed For guests' convenience when they have early arrival or late departure Breakfast Breakfast is provided Long term stays allowed Allow stay for 28 days or more Self check-in Building staff Someone is available 24 hours a day to let guests in Cleaning before checkout ",0.0,1.0,0.0,1.0,1.0,1.0,0.0,0.0,1.0,0.0,1.0,1.0,0.0,0.0,0.0,1.0,1.0,1.0,1.0,0.0,1.0,0.0,1.0,1.0,1.0,1.0,1.0,1.0,0.0,1.0,0.0,1.0,1.0,1.0,0.0,1.0,1.0,0.0,1.0,1.0,1.0,0.0,1.0,1.0,1.0,1.0,1.0,0.0,0.0,1.0,1.0,1.0,1.0,1.0,1.0,0.0,1.0,0.0,0.0,1.0,0.0,0.0,0.0,1.0,1.0,0.0,1.0,1.0,1.0,0.0,1.0,0.0,0.0,1.0,1.0,1.0,0.0,1.0,1.0,1.0,0.0
Gosh,Armenia,The best ECO place in Armenia-Belveder Eco Resort,"What this place offers Bathroom Hair dryer Shampoo Bedroom and laundry Essentials Towels, bed sheets, soap, and toilet paper Entertainment TV Suitable for events The listing can accommodate a gathering of 25 or more attendees Family Crib Heating and cooling Heating Home safety Lock on bedroom door Private room can be locked for safety and privacy Internet and office Wifi Available throughout the listing Dedicated workspace Outdoor Backyard An open space on the property usually covered in grass BBQ grill Parking and facilities Free street parking Services Pets allowed Assistance animals are always allowed Breakfast Breakfast is provided Smoking allowed Long term stays allowed Allow stay for 28 days or more ",0.0,1.0,0.0,1.0,0.0,0.0,0.0,0.0,0.0,0.0,1.0,0.0,0.0,0.0,0.0,0.0,0.0,0.0,0.0,0.0,0.0,1.0,1.0,0.0,0.0,0.0,0.0,0.0,0.0,1.0,0.0,0.0,0.0,0.0,0.0,1.0,0.0,0.0,1.0,0.0,1.0,0.0,0.0,0.0,0.0,0.0,0.0,0.0,0.0,1.0,0.0,0.0,0.0,0.0,0.0,0.0,0.0,0.0,0.0,0.0,0.0,0.0,0.0,0.0,0.0,0.0,0.0,1.0,0.0,0.0,0.0,1.0,0.0,0.0,1.0,1.0,0.0,0.0,1.0,0.0,0.0
Kalavan,Armenia,Retreat to a Stylish and Cozy house in Kalavan,"What this place offers Bathroom Shampoo Bedroom and laundry Essentials Towels, bed sheets, soap, and toilet paper Hangers Iron Heating and cooling Heating Home safety Lock on bedroom door Private room can be locked for safety and privacy First aid kit Kitchen and dining Kitchen Space where guests can cook their own meals Parking and facilities Free parking on premises Private living room Services Long term stays allowed Allow stay for 28 days or more ",0.0,0.0,0.0,0.0,0.0,0.0,0.0,0.0,0.0,0.0,0.0,0.0,0.0,0.0,0.0,0.0,0.0,0.0,0.0,0.0,0.0,0.0,0.0,0.0,0.0,0.0,0.0,0.0,0.0,1.0,0.0,0.0,0.0,1.0,0.0,0.0,0.0,0.0,0.0,1.0,1.0,0.0,0.0,0.0,0.0,1.0,1.0,0.0,0.0,1.0,0.0,0.0,0.0,0.0,0.0,0.0,0.0,0.0,0.0,0.0,0.0,0.0,0.0,0.0,0.0,0.0,0.0,1.0,0.0,0.0,0.0,0.0,0.0,0.0,0.0,0.0,0.0,0.0,0.0,0.0,0.0
Kalavan,Armenia,Bright and Stylish House in Kalavan,"What this place offers Bathroom Shampoo Bedroom and laundry Essentials Towels, bed sheets, soap, and toilet paper Hangers Iron Heating and cooling Heating Home safety Lock on bedroom door Private room can be locked for safety and privacy First aid kit Kitchen and dining Kitchen Space where guests can cook their own meals Parking and facilities Free parking on premises Services Long term stays allowed Allow stay for 28 days or more ",0.0,0.0,0.0,0.0,0.0,0.0,0.0,0.0,0.0,0.0,0.0,0.0,0.0,0.0,0.0,0.0,0.0,0.0,0.0,0.0,0.0,0.0,0.0,0.0,0.0,0.0,0.0,0.0,0.0,1.0,0.0,0.0,0.0,1.0,0.0,0.0,0.0,0.0,0.0,1.0,1.0,0.0,0.0,0.0,0.0,1.0,1.0,0.0,0.0,1.0,0.0,0.0,0.0,0.0,0.0,0.0,0.0,0.0,0.0,0.0,0.0,0.0,0.0,0.0,0.0,0.0,0.0,1.0,0.0,0.0,0.0,0.0,0.0,0.0,0.0,0.0,0.0,0.0,0.0,0.0,0.0
Ijevan,Armenia,Apartment Kamar N26,"What this place offers Bathroom Shampoo Bedroom and laundry Essentials Towels, bed sheets, soap, and toilet paper Hangers Entertainment TV Heating and cooling Air conditioning Heating Internet and office Wifi Available throughout the listing Dedicated workspace Kitchen and dining Kitchen Space where guests can cook their own meals Location features Private entrance Separate street or building entrance Parking and facilities Free parking on premises Services Long term stays allowed Allow stay for 28 days or more ",1.0,0.0,0.0,0.0,0.0,0.0,0.0,0.0,0.0,0.0,0.0,0.0,0.0,0.0,0.0,0.0,0.0,0.0,0.0,0.0,0.0,0.0,1.0,0.0,0.0,0.0,0.0,0.0,0.0,1.0,0.0,0.0,0.0,0.0,0.0,0.0,0.0,0.0,0.0,1.0,1.0,0.0,0.0,0.0,0.0,0.0,1.0,0.0,0.0,1.0,0.0,0.0,0.0,0.0,0.0,0.0,0.0,0.0,0.0,0.0,0.0,1.0,0.0,0.0,0.0,0.0,0.0,1.0,0.0,0.0,0.0,0.0,0.0,0.0,0.0,1.0,0.0,0.0,1.0,0.0,0.0
Norashen,Armenia,Summer Home - Lake Sevan,What this place offers Entertainment Suitable for events The listing can accommodate a gathering of 25 or more attendees Home safety Fire extinguisher First aid kit Kitchen and dining Kitchen Space where guests can cook their own meals Outdoor Outdoor dining area BBQ grill Parking and facilities Free parking on premises Services Pets allowed Assistance animals are always allowed Smoking allowed Long term stays allowed Allow stay for 28 days or more ,0.0,1.0,0.0,0.0,0.0,0.0,0.0,0.0,0.0,0.0,0.0,0.0,0.0,0.0,0.0,0.0,0.0,0.0,0.0,0.0,0.0,0.0,0.0,0.0,0.0,0.0,0.0,0.0,0.0,0.0,0.0,0.0,1.0,1.0,0.0,0.0,0.0,0.0,0.0,0.0,0.0,0.0,0.0,0.0,0.0,0.0,1.0,0.0,0.0,1.0,0.0,0.0,0.0,0.0,0.0,0.0,0.0,0.0,0.0,0.0,0.0,0.0,0.0,0.0,0.0,0.0,0.0,0.0,0.0,0.0,0.0,1.0,0.0,0.0,1.0,0.0,0.0,0.0,0.0,0.0,0.0
Chambarak,Armenia,B&B ANNA Guest house Anna Chambarak,"What this place offers Bathroom Hair dryer Shampoo Hot water Shower gel Bedroom and laundry Paid washer – In building Essentials Towels, bed sheets, soap, and toilet paper Hangers Bed linens Extra pillows and blankets Iron Entertainment TV with standard cable Suitable for events The listing can accommodate a gathering of 25 or more attendees Family Window guards Heating and cooling Heating Home safety Lock on bedroom door Private room can be locked for safety and privacy First aid kit Internet and office Wifi Available throughout the listing Kitchen and dining Kitchen Space where guests can cook their own meals Refrigerator Cooking basics Pots and pans, oil, salt and pepper Dishes and silverware Electric stove Coffee maker Dining table Outdoor Shared backyard An open space on the property usually covered in grass Outdoor dining area BBQ grill Parking and facilities Free parking on premises Free street parking Services Luggage dropoff allowed For guests' convenience when they have early arrival or late departure Breakfast Breakfast is provided Long term stays allowed Allow stay for 28 days or more Cleaning before checkout ",0.0,1.0,0.0,0.0,0.0,0.0,1.0,0.0,0.0,0.0,1.0,0.0,0.0,0.0,0.0,0.0,0.0,1.0,1.0,0.0,1.0,0.0,0.0,1.0,1.0,0.0,0.0,0.0,0.0,1.0,0.0,1.0,0.0,1.0,0.0,1.0,0.0,0.0,1.0,1.0,1.0,0.0,1.0,0.0,0.0,1.0,1.0,0.0,0.0,1.0,1.0,0.0,0.0,0.0,0.0,0.0,0.0,0.0,0.0,0.0,0.0,0.0,0.0,1.0,0.0,0.0,0.0,1.0,1.0,0.0,0.0,0.0,0.0,0.0,1.0,1.0,0.0,0.0,1.0,0.0,0.0
Ijevan,Armenia,Welcome to Ijevan: The best place in the world!!!,"What this place offers Bathroom Hair dryer Shampoo Hot water Bedroom and laundry Washer Essentials Towels, bed sheets, soap, and toilet paper Extra pillows and blankets Entertainment TV Heating and cooling Heating Internet and office Wifi Available throughout the listing Kitchen and dining Kitchen Space where guests can cook their own meals Outdoor Patio or balcony Backyard An open space on the property usually covered in grass BBQ grill Parking and facilities Free parking on premises Free street parking Elevator The home or building has an elevator that’s at least 52 inches deep and a doorway at least 32 inches wide. Services Long term stays allowed Allow stay for 28 days or more ",0.0,1.0,0.0,1.0,0.0,0.0,0.0,0.0,0.0,0.0,0.0,0.0,0.0,0.0,0.0,0.0,0.0,0.0,0.0,0.0,0.0,0.0,0.0,0.0,0.0,0.0,0.0,0.0,1.0,1.0,0.0,1.0,0.0,0.0,0.0,1.0,0.0,0.0,1.0,0.0,1.0,0.0,1.0,0.0,0.0,0.0,1.0,0.0,0.0,1.0,0.0,0.0,0.0,0.0,0.0,0.0,0.0,0.0,0.0,1.0,0.0,0.0,0.0,0.0,0.0,0.0,0.0,1.0,0.0,0.0,0.0,0.0,0.0,0.0,0.0,1.0,0.0,1.0,1.0,0.0,0.0
Getahovit,Armenia,The best outdoor adventures,"What this place offers Bedroom and laundry Essentials Towels, bed sheets, soap, and toilet paper Entertainment Suitable for events The listing can accommodate a gathering of 25 or more attendees Home safety First aid kit Kitchen and dining Kitchen Space where guests can cook their own meals Location features Private entrance Separate street or building entrance Parking and facilities Free parking on premises Services Long term stays allowed Allow stay for 28 days or more ",0.0,0.0,0.0,0.0,0.0,0.0,0.0,0.0,0.0,0.0,0.0,0.0,0.0,0.0,0.0,0.0,0.0,0.0,0.0,0.0,0.0,0.0,0.0,0.0,0.0,0.0,0.0,0.0,0.0,1.0,0.0,0.0,0.0,1.0,0.0,0.0,0.0,0.0,0.0,0.0,0.0,0.0,0.0,0.0,0.0,0.0,1.0,0.0,0.0,1.0,0.0,0.0,0.0,0.0,0.0,0.0,0.0,0.0,0.0,0.0,0.0,1.0,0.0,0.0,0.0,0.0,0.0,0.0,0.0,0.0,0.0,0.0,0.0,0.0,1.0,0.0,0.0,0.0,0.0,0.0,0.0
Noratus,Armenia,Oazis a place for a real holiday. Big room,"Amenities Bathroom Hot water Shampoo Bedroom and laundry Bed linens Extra pillows and blankets Washer Essentials Towels, bed sheets, soap, and toilet paper Iron Entertainment TV Heating and cooling Heating Home safety First aid kit Fire extinguisher Internet and office Wifi Available throughout the listing Kitchen and dining Kitchen Space where guests can cook their own meals Location features Lake access Guests can get to a lake using a path or dock Outdoor BBQ grill Patio or balcony Backyard An open space on the property usually covered in grass Parking and facilities Pool Free parking on premises Free street parking Services Breakfast Breakfast is provided Long term stays allowed Allow stay for 28 days or more Building staff Someone is available 24 hours a day to let guests in ",0.0,1.0,0.0,1.0,0.0,0.0,1.0,0.0,0.0,0.0,1.0,0.0,0.0,0.0,0.0,0.0,0.0,0.0,0.0,0.0,0.0,0.0,0.0,0.0,0.0,0.0,0.0,0.0,0.0,1.0,0.0,1.0,1.0,1.0,0.0,1.0,0.0,0.0,0.0,0.0,1.0,0.0,1.0,0.0,0.0,1.0,1.0,0.0,0.0,1.0,0.0,0.0,0.0,0.0,0.0,0.0,0.0,0.0,0.0,1.0,0.0,0.0,0.0,0.0,0.0,0.0,0.0,1.0,0.0,0.0,0.0,0.0,0.0,0.0,0.0,1.0,0.0,1.0,1.0,0.0,0.0
Ijevan,Armenia,Kamar Hotel Ijevan N24,"What this place offers Bathroom Shampoo Bedroom and laundry Essentials Towels, bed sheets, soap, and toilet paper Hangers Entertainment TV Heating and cooling Air conditioning Heating Internet and office Wifi Available throughout the listing Dedicated workspace Parking and facilities Free parking on premises Services Long term stays allowed Allow stay for 28 days or more ",1.0,0.0,0.0,0.0,0.0,0.0,0.0,0.0,0.0,0.0,0.0,0.0,0.0,0.0,0.0,0.0,0.0,0.0,0.0,0.0,0.0,0.0,1.0,0.0,0.0,0.0,0.0,0.0,0.0,1.0,0.0,0.0,0.0,0.0,0.0,0.0,0.0,0.0,0.0,1.0,1.0,0.0,0.0,0.0,0.0,0.0,0.0,0.0,0.0,1.0,0.0,0.0,0.0,0.0,0.0,0.0,0.0,0.0,0.0,0.0,0.0,0.0,0.0,0.0,0.0,0.0,0.0,1.0,0.0,0.0,0.0,0.0,0.0,0.0,0.0,1.0,0.0,0.0,1.0,0.0,0.0
Noratus,Armenia,Oazis a place for a real holiday.,"Amenities Bathroom Shampoo Bedroom and laundry Essentials Towels, bed sheets, soap, and toilet paper Iron Entertainment TV Heating and cooling Heating Home safety First aid kit Fire extinguisher Internet and office Wifi Available throughout the listing Kitchen and dining Kitchen Space where guests can cook their own meals Location features Lake access Guests can get to a lake using a path or dock Parking and facilities Pool Free parking on premises Services Breakfast Breakfast is provided Building staff Someone is available 24 hours a day to let guests in Long term stays allowed Allow stay for 28 days or more ",0.0,0.0,0.0,0.0,0.0,0.0,0.0,0.0,0.0,0.0,1.0,0.0,0.0,0.0,0.0,0.0,0.0,0.0,0.0,0.0,0.0,0.0,0.0,0.0,0.0,0.0,0.0,0.0,0.0,1.0,0.0,0.0,1.0,1.0,0.0,0.0,0.0,0.0,0.0,0.0,1.0,0.0,0.0,0.0,0.0,1.0,1.0,0.0,0.0,1.0,0.0,0.0,0.0,0.0,0.0,0.0,0.0,0.0,0.0,0.0,0.0,0.0,0.0,0.0,0.0,0.0,0.0,1.0,0.0,0.0,0.0,0.0,0.0,0.0,0.0,1.0,0.0,0.0,1.0,0.0,0.0
Ijevan,Armenia,6 bedroom apartment,"Amenities Bathroom Shampoo Hot water Bedroom and laundry Washer Essentials Towels, bed sheets, soap, and toilet paper Hangers Entertainment TV Heating and cooling Air conditioning Heating Home safety Carbon monoxide alarm Internet and office Wifi Available throughout the listing Dedicated workspace Kitchen and dining Kitchen Space where guests can cook their own meals Dishes and silverware Parking and facilities Free parking on premises Services Long term stays allowed Allow stay for 28 days or more ",1.0,0.0,0.0,0.0,0.0,0.0,0.0,0.0,0.0,0.0,0.0,1.0,0.0,0.0,0.0,0.0,0.0,0.0,0.0,0.0,0.0,0.0,1.0,0.0,1.0,0.0,0.0,0.0,0.0,1.0,0.0,0.0,0.0,0.0,0.0,0.0,0.0,0.0,0.0,1.0,1.0,0.0,1.0,0.0,0.0,0.0,1.0,0.0,0.0,1.0,0.0,0.0,0.0,0.0,0.0,0.0,0.0,0.0,0.0,0.0,0.0,0.0,0.0,0.0,0.0,0.0,0.0,1.0,0.0,0.0,0.0,0.0,0.0,0.0,0.0,1.0,0.0,1.0,1.0,0.0,0.0
Noratus,Armenia,Oazis a place for a real holiday. Big room,"Amenities Bathroom Hot water Shampoo Bedroom and laundry Bed linens Extra pillows and blankets Washer Essentials Towels, bed sheets, soap, and toilet paper Iron Entertainment TV Heating and cooling Heating Home safety First aid kit Fire extinguisher Internet and office Wifi Available throughout the listing Kitchen and dining Kitchen Space where guests can cook their own meals Location features Lake access Guests can get to a lake using a path or dock Outdoor BBQ grill Patio or balcony Backyard An open space on the property usually covered in grass Parking and facilities Pool Free parking on premises Free street parking Services Breakfast Breakfast is provided Long term stays allowed Allow stay for 28 days or more Building staff Someone is available 24 hours a day to let guests in ",0.0,1.0,0.0,1.0,0.0,0.0,1.0,0.0,0.0,0.0,1.0,0.0,0.0,0.0,0.0,0.0,0.0,0.0,0.0,0.0,0.0,0.0,0.0,0.0,0.0,0.0,0.0,0.0,0.0,1.0,0.0,1.0,1.0,1.0,0.0,1.0,0.0,0.0,0.0,0.0,1.0,0.0,1.0,0.0,0.0,1.0,1.0,0.0,0.0,1.0,0.0,0.0,0.0,0.0,0.0,0.0,0.0,0.0,0.0,1.0,0.0,0.0,0.0,0.0,0.0,0.0,0.0,1.0,0.0,0.0,0.0,0.0,0.0,0.0,0.0,1.0,0.0,1.0,1.0,0.0,0.0
Noratus,Armenia,Room with Armenian spirit,"Amenities Bathroom Shampoo Bedroom and laundry Essentials Towels, bed sheets, soap, and toilet paper Iron Entertainment TV Heating and cooling Heating Home safety First aid kit Fire extinguisher Internet and office Wifi Available throughout the listing Kitchen and dining Kitchen Space where guests can cook their own meals Location features Lake access Guests can get to a lake using a path or dock Parking and facilities Pool Free parking on premises Services Breakfast Breakfast is provided Building staff Someone is available 24 hours a day to let guests in Long term stays allowed Allow stay for 28 days or more ",0.0,0.0,0.0,0.0,0.0,0.0,0.0,0.0,0.0,0.0,1.0,0.0,0.0,0.0,0.0,0.0,0.0,0.0,0.0,0.0,0.0,0.0,0.0,0.0,0.0,0.0,0.0,0.0,0.0,1.0,0.0,0.0,1.0,1.0,0.0,0.0,0.0,0.0,0.0,0.0,1.0,0.0,0.0,0.0,0.0,1.0,1.0,0.0,0.0,1.0,0.0,0.0,0.0,0.0,0.0,0.0,0.0,0.0,0.0,0.0,0.0,0.0,0.0,0.0,0.0,0.0,0.0,1.0,0.0,0.0,0.0,0.0,0.0,0.0,0.0,1.0,0.0,0.0,1.0,0.0,0.0
Noratus,Armenia,Oazis a place for a real holiday.,"Amenities Bathroom Shampoo Bedroom and laundry Essentials Towels, bed sheets, soap, and toilet paper Iron Entertainment TV Heating and cooling Heating Home safety First aid kit Fire extinguisher Internet and office Wifi Available throughout the listing Kitchen and dining Kitchen Space where guests can cook their own meals Location features Lake access Guests can get to a lake using a path or dock Parking and facilities Pool Free parking on premises Services Breakfast Breakfast is provided Building staff Someone is available 24 hours a day to let guests in Long term stays allowed Allow stay for 28 days or more ",0.0,0.0,0.0,0.0,0.0,0.0,0.0,0.0,0.0,0.0,1.0,0.0,0.0,0.0,0.0,0.0,0.0,0.0,0.0,0.0,0.0,0.0,0.0,0.0,0.0,0.0,0.0,0.0,0.0,1.0,0.0,0.0,1.0,1.0,0.0,0.0,0.0,0.0,0.0,0.0,1.0,0.0,0.0,0.0,0.0,1.0,1.0,0.0,0.0,1.0,0.0,0.0,0.0,0.0,0.0,0.0,0.0,0.0,0.0,0.0,0.0,0.0,0.0,0.0,0.0,0.0,0.0,1.0,0.0,0.0,0.0,0.0,0.0,0.0,0.0,1.0,0.0,0.0,1.0,0.0,0.0
Ijevan,Armenia,Kamar Hotel Ijevan N24,"What this place offers Bathroom Shampoo Bedroom and laundry Essentials Towels, bed sheets, soap, and toilet paper Hangers Entertainment TV Heating and cooling Air conditioning Heating Internet and office Wifi Available throughout the listing Dedicated workspace Parking and facilities Free parking on premises Services Long term stays allowed Allow stay for 28 days or more ",1.0,0.0,0.0,0.0,0.0,0.0,0.0,0.0,0.0,0.0,0.0,0.0,0.0,0.0,0.0,0.0,0.0,0.0,0.0,0.0,0.0,0.0,1.0,0.0,0.0,0.0,0.0,0.0,0.0,1.0,0.0,0.0,0.0,0.0,0.0,0.0,0.0,0.0,0.0,1.0,1.0,0.0,0.0,0.0,0.0,0.0,0.0,0.0,0.0,1.0,0.0,0.0,0.0,0.0,0.0,0.0,0.0,0.0,0.0,0.0,0.0,0.0,0.0,0.0,0.0,0.0,0.0,1.0,0.0,0.0,0.0,0.0,0.0,0.0,0.0,1.0,0.0,0.0,1.0,0.0,0.0
Sevan,Armenia,Taron beach 1-line mountain lake Sevan,"What this place offers Bedroom and laundry Essentials Towels, bed sheets, soap, and toilet paper Hangers Entertainment Suitable for events The listing can accommodate a gathering of 25 or more attendees Location features Private entrance Separate street or building entrance Parking and facilities Free parking on premises Services Smoking allowed Long term stays allowed Allow stay for 28 days or more ",0.0,0.0,0.0,0.0,0.0,0.0,0.0,0.0,0.0,0.0,0.0,0.0,0.0,0.0,0.0,0.0,0.0,0.0,0.0,0.0,0.0,0.0,0.0,0.0,0.0,0.0,0.0,0.0,0.0,1.0,0.0,0.0,0.0,0.0,0.0,0.0,0.0,0.0,0.0,1.0,0.0,0.0,0.0,0.0,0.0,0.0,0.0,0.0,0.0,1.0,0.0,0.0,0.0,0.0,0.0,0.0,0.0,0.0,0.0,0.0,0.0,1.0,0.0,0.0,0.0,0.0,0.0,0.0,0.0,0.0,0.0,1.0,0.0,0.0,1.0,0.0,0.0,0.0,0.0,0.0,0.0
Ijevan,Armenia,Apartment Kamar Kotej,"What this place offers Bathroom Hair dryer Shampoo Bedroom and laundry Washer Essentials Towels, bed sheets, soap, and toilet paper Hangers Iron Entertainment TV Suitable for events The listing can accommodate a gathering of 25 or more attendees Heating and cooling Air conditioning Indoor fireplace Heating Home safety Carbon monoxide alarm Internet and office Wifi Available throughout the listing Dedicated workspace Kitchen and dining Kitchen Space where guests can cook their own meals Location features Private entrance Separate street or building entrance Parking and facilities Free parking on premises Services Breakfast Breakfast is provided Long term stays allowed Allow stay for 28 days or more ",1.0,0.0,0.0,0.0,0.0,0.0,0.0,0.0,0.0,0.0,1.0,1.0,0.0,0.0,0.0,0.0,0.0,0.0,0.0,0.0,0.0,0.0,1.0,0.0,0.0,0.0,0.0,0.0,0.0,1.0,0.0,0.0,0.0,0.0,0.0,0.0,0.0,0.0,1.0,1.0,1.0,0.0,0.0,0.0,1.0,1.0,1.0,0.0,0.0,1.0,0.0,0.0,0.0,0.0,0.0,0.0,0.0,0.0,0.0,0.0,0.0,1.0,0.0,0.0,0.0,0.0,0.0,1.0,0.0,0.0,0.0,0.0,0.0,0.0,1.0,1.0,0.0,1.0,1.0,0.0,0.0
Gavar,Armenia,Mountain dweller or Cattle farmer,What this place offers Entertainment Suitable for events The listing can accommodate a gathering of 25 or more attendees Outdoor Patio or balcony Shared backyard An open space on the property usually covered in grass Outdoor dining area BBQ grill Bikes Parking and facilities Free parking on premises Free street parking Services Pets allowed Assistance animals are always allowed Breakfast Breakfast is provided Smoking allowed Host greets you ,0.0,1.0,0.0,0.0,0.0,0.0,0.0,0.0,0.0,0.0,1.0,0.0,0.0,0.0,0.0,0.0,0.0,0.0,0.0,0.0,0.0,0.0,0.0,0.0,0.0,0.0,0.0,0.0,0.0,0.0,0.0,0.0,0.0,0.0,0.0,1.0,0.0,0.0,0.0,0.0,0.0,0.0,0.0,0.0,0.0,0.0,0.0,0.0,0.0,0.0,0.0,0.0,0.0,0.0,0.0,0.0,0.0,0.0,0.0,1.0,0.0,0.0,0.0,0.0,0.0,0.0,0.0,0.0,0.0,0.0,0.0,1.0,0.0,0.0,1.0,0.0,0.0,0.0,0.0,0.0,0.0
Gosh,Armenia,GoshDream,"What this place offers Bathroom Bathtub Hair dryer Cleaning products Shampoo Body soap Hot water Shower gel Bedroom and laundry Washer Dryer Essentials Towels, bed sheets, soap, and toilet paper Hangers Extra pillows and blankets Room-darkening shades Iron Drying rack for clothing Mosquito net Clothing storage: closet Entertainment TV with standard cable Piano Record player Sony Bluetooth sound system Pool table Suitable for events The listing can accommodate a gathering of 25 or more attendees Heating and cooling Indoor fireplace Heating Home safety Smoke alarm Carbon monoxide alarm Fire extinguisher Lock on bedroom door Private room can be locked for safety and privacy First aid kit Internet and office Wifi Available throughout the listing Dedicated workspace Kitchen and dining Kitchen Space where guests can cook their own meals Refrigerator Microwave Cooking basics Pots and pans, oil, salt and pepper Dishes and silverware Mini fridge Freezer Dishwasher Stainless steel electric stove Stainless steel oven Hot water kettle Coffee maker: Keurig coffee machine, Nespresso, pour-over coffee Wine glasses Toaster Baking sheet Barbecue utensils Dining table Bread maker Location features Lake access Guests can get to a lake using a path or dock Outdoor Patio or balcony Shared backyard – Fully fenced An open space on the property usually covered in grass Fire pit Outdoor furniture Outdoor dining area BBQ grill Beach essentials Beach towels, umbrella, beach blanket, snorkeling gear Bikes Parking and facilities Free parking on premises Free street parking Shared pool Hot tub Shared sauna Elevator The home or building has an elevator that’s at least 52 inches deep and a doorway at least 32 inches wide. Gym Paid parking lot off premises Services Pets allowed Assistance animals are always allowed Luggage dropoff allowed For guests' convenience when they have early arrival or late departure Breakfast Breakfast is provided Long term stays allowed Allow stay for 28 days or more Cleaning before checkout ",0.0,1.0,0.0,0.0,1.0,1.0,0.0,0.0,1.0,0.0,1.0,1.0,0.0,0.0,0.0,1.0,1.0,1.0,1.0,0.0,1.0,0.0,1.0,1.0,1.0,1.0,1.0,1.0,1.0,1.0,0.0,1.0,1.0,1.0,0.0,1.0,1.0,0.0,1.0,1.0,1.0,0.0,1.0,1.0,1.0,1.0,1.0,0.0,0.0,1.0,1.0,1.0,1.0,1.0,1.0,0.0,0.0,0.0,0.0,1.0,0.0,0.0,0.0,1.0,1.0,0.0,0.0,1.0,1.0,0.0,1.0,0.0,0.0,0.0,1.0,1.0,0.0,1.0,1.0,1.0,0.0
Ijevan,Armenia,Enjoy warm Armenian Hospitality,"What this place offers Bathroom Bathtub Hair dryer Shampoo Hot water Shower gel Bedroom and laundry Washer Essentials Towels, bed sheets, soap, and toilet paper Hangers Bed linens Extra pillows and blankets Room-darkening shades Iron Entertainment TV Game console Family Crib Children’s books and toys High chair Baby bath Children’s dinnerware Changing table Fireplace guards Window guards Outlet covers Baby safety gates Table corner guards Heating and cooling Air conditioning Heating Home safety Lock on bedroom door Private room can be locked for safety and privacy Internet and office Wifi Available throughout the listing Dedicated workspace Kitchen and dining Kitchen Space where guests can cook their own meals Refrigerator Microwave Cooking basics Pots and pans, oil, salt and pepper Dishes and silverware Stove Oven Coffee maker Barbecue utensils Bread maker Location features Waterfront Right next to a body of water Private entrance Separate street or building entrance Outdoor Patio or balcony Backyard An open space on the property usually covered in grass Parking and facilities Free parking on premises Free street parking Services Pets allowed Assistance animals are always allowed Luggage dropoff allowed For guests' convenience when they have early arrival or late departure Long term stays allowed Allow stay for 28 days or more Host greets you ",1.0,0.0,1.0,1.0,0.0,1.0,1.0,0.0,0.0,0.0,0.0,0.0,0.0,0.0,1.0,0.0,0.0,1.0,1.0,0.0,1.0,1.0,1.0,0.0,1.0,0.0,0.0,0.0,0.0,1.0,0.0,1.0,0.0,0.0,0.0,1.0,0.0,0.0,1.0,1.0,1.0,1.0,1.0,0.0,0.0,1.0,1.0,0.0,0.0,1.0,1.0,1.0,0.0,0.0,0.0,1.0,1.0,0.0,0.0,1.0,0.0,1.0,0.0,1.0,1.0,0.0,0.0,1.0,1.0,0.0,0.0,0.0,0.0,1.0,0.0,1.0,0.0,1.0,1.0,0.0,0.0
Getahovit,Armenia,Treehouses Anapat Lastever,"What this place offers Bathroom Shampoo Bedroom and laundry Essentials Towels, bed sheets, soap, and toilet paper Entertainment Suitable for events The listing can accommodate a gathering of 25 or more attendees Home safety First aid kit Kitchen and dining Cooking basics Pots and pans, oil, salt and pepper Parking and facilities Free parking on premises Services Pets allowed Assistance animals are always allowed Breakfast Breakfast is provided Smoking allowed Long term stays allowed Allow stay for 28 days or more ",0.0,0.0,0.0,0.0,0.0,0.0,0.0,0.0,0.0,0.0,1.0,0.0,0.0,0.0,0.0,0.0,0.0,0.0,0.0,0.0,1.0,0.0,0.0,0.0,0.0,0.0,0.0,0.0,0.0,1.0,0.0,0.0,0.0,1.0,0.0,0.0,0.0,0.0,0.0,0.0,0.0,0.0,0.0,0.0,0.0,0.0,1.0,0.0,0.0,1.0,0.0,0.0,0.0,0.0,0.0,0.0,0.0,0.0,0.0,0.0,0.0,0.0,0.0,0.0,0.0,0.0,0.0,1.0,0.0,0.0,0.0,1.0,0.0,0.0,1.0,0.0,0.0,0.0,0.0,0.0,0.0
Ijevan,Armenia,Guesthouse Ijevan Tour,"What this place offers Bathroom Hair dryer Shampoo Bedroom and laundry Washer Essentials Towels, bed sheets, soap, and toilet paper Hangers Iron Entertainment TV Suitable for events The listing can accommodate a gathering of 25 or more attendees Heating and cooling Air conditioning Indoor fireplace Heating Home safety Smoke alarm Carbon monoxide alarm Fire extinguisher First aid kit Internet and office Wifi Available throughout the listing Dedicated workspace Kitchen and dining Kitchen Space where guests can cook their own meals Refrigerator Microwave Coffee maker Location features Private entrance Separate street or building entrance Parking and facilities Free parking on premises Gym Services Breakfast Breakfast is provided Smoking allowed Long term stays allowed Allow stay for 28 days or more ",1.0,0.0,0.0,0.0,0.0,0.0,0.0,0.0,0.0,0.0,1.0,1.0,0.0,0.0,0.0,0.0,0.0,1.0,1.0,0.0,0.0,0.0,1.0,0.0,0.0,0.0,0.0,0.0,0.0,1.0,0.0,0.0,1.0,1.0,0.0,0.0,0.0,0.0,1.0,1.0,1.0,0.0,0.0,0.0,1.0,1.0,1.0,0.0,0.0,1.0,0.0,1.0,0.0,0.0,0.0,0.0,0.0,0.0,0.0,0.0,0.0,1.0,0.0,1.0,0.0,0.0,0.0,1.0,0.0,0.0,1.0,1.0,0.0,0.0,1.0,1.0,0.0,1.0,1.0,0.0,0.0
Ijevan,Armenia,Guest House Leader,"What this place offers Bathroom Hair dryer Shampoo Hot water Bedroom and laundry Essentials Towels, bed sheets, soap, and toilet paper Hangers Bed linens Extra pillows and blankets Iron Entertainment TV Home safety Fire extinguisher Lock on bedroom door Private room can be locked for safety and privacy Internet and office Wifi Available throughout the listing Dedicated workspace Kitchen and dining Kitchen Space where guests can cook their own meals Stove Location features Private entrance Separate street or building entrance Outdoor Patio or balcony Backyard An open space on the property usually covered in grass BBQ grill Parking and facilities Free parking on premises Pool Private living room Services Luggage dropoff allowed For guests' convenience when they have early arrival or late departure Long term stays allowed Allow stay for 28 days or more ",0.0,1.0,0.0,1.0,0.0,0.0,1.0,0.0,0.0,0.0,0.0,0.0,0.0,0.0,0.0,0.0,0.0,0.0,0.0,0.0,0.0,0.0,1.0,0.0,0.0,0.0,0.0,0.0,0.0,1.0,0.0,1.0,1.0,0.0,0.0,0.0,0.0,0.0,1.0,1.0,0.0,0.0,1.0,0.0,0.0,1.0,1.0,0.0,0.0,1.0,1.0,0.0,0.0,0.0,0.0,0.0,0.0,0.0,0.0,1.0,0.0,1.0,0.0,0.0,0.0,0.0,0.0,1.0,0.0,0.0,0.0,0.0,0.0,1.0,0.0,1.0,0.0,0.0,1.0,0.0,0.0
Sevan,Armenia,Golden Rest at Sevan Peninsula,"What this place offers Bathroom Shampoo Hot water Bedroom and laundry Essentials Towels, bed sheets, soap, and toilet paper Entertainment Suitable for events The listing can accommodate a gathering of 25 or more attendees Home safety Lock on bedroom door Private room can be locked for safety and privacy Internet and office Wifi Available throughout the listing Dedicated workspace Kitchen and dining Kitchen Space where guests can cook their own meals Refrigerator Cooking basics Pots and pans, oil, salt and pepper Coffee maker Location features Beach access – Beachfront Guests can enjoy a nearby beach Private entrance Separate street or building entrance Outdoor Patio or balcony Backyard An open space on the property usually covered in grass BBQ grill Parking and facilities Free parking on premises Free street parking Single level home No stairs in home Private living room Services Pets allowed Assistance animals are always allowed Smoking allowed Long term stays allowed Allow stay for 28 days or more ",0.0,1.0,0.0,1.0,0.0,0.0,0.0,0.0,0.0,0.0,0.0,0.0,0.0,0.0,0.0,0.0,0.0,1.0,1.0,0.0,1.0,0.0,1.0,0.0,0.0,0.0,0.0,0.0,0.0,1.0,0.0,0.0,0.0,0.0,0.0,1.0,0.0,0.0,0.0,0.0,0.0,0.0,1.0,0.0,0.0,0.0,1.0,0.0,0.0,1.0,0.0,0.0,0.0,0.0,0.0,0.0,0.0,0.0,0.0,1.0,0.0,1.0,0.0,1.0,0.0,0.0,0.0,1.0,0.0,1.0,0.0,1.0,0.0,0.0,1.0,0.0,0.0,0.0,1.0,0.0,0.0
Ijevan,Armenia,Flat in Ijevan,"What this place offers Bathroom Hair dryer Shampoo Hot water Bedroom and laundry Essentials Towels, bed sheets, soap, and toilet paper Hangers Room-darkening shades Kitchen and dining Kitchen Space where guests can cook their own meals Refrigerator Dishes and silverware Stove Parking and facilities Free parking on premises Free street parking Paid parking off premises Paid parking on premises Services Pets allowed Assistance animals are always allowed Breakfast Breakfast is provided Smoking allowed Long term stays allowed Allow stay for 28 days or more Host greets you ",0.0,0.0,0.0,0.0,0.0,0.0,0.0,0.0,0.0,0.0,1.0,0.0,0.0,0.0,0.0,0.0,0.0,0.0,0.0,0.0,0.0,0.0,0.0,0.0,1.0,0.0,0.0,0.0,0.0,1.0,0.0,0.0,0.0,0.0,0.0,1.0,0.0,0.0,1.0,1.0,0.0,0.0,1.0,0.0,0.0,0.0,1.0,0.0,0.0,1.0,0.0,0.0,0.0,0.0,0.0,0.0,0.0,1.0,1.0,0.0,0.0,0.0,0.0,1.0,1.0,0.0,0.0,1.0,0.0,0.0,0.0,1.0,0.0,1.0,0.0,0.0,0.0,0.0,0.0,0.0,0.0
Sevan,Armenia,on 2000m altitude near Sevan lake in the forest,"What this place offers Bathroom Hair dryer Shampoo Hot water Bedroom and laundry Essentials Towels, bed sheets, soap, and toilet paper Hangers Iron Entertainment TV Suitable for events The listing can accommodate a gathering of 25 or more attendees Heating and cooling Heating Home safety First aid kit Internet and office Wifi Available throughout the listing Kitchen and dining Kitchen Space where guests can cook their own meals Location features Private entrance Separate street or building entrance Parking and facilities Free parking on premises Services Long term stays allowed Allow stay for 28 days or more ",0.0,0.0,0.0,0.0,0.0,0.0,0.0,0.0,0.0,0.0,0.0,0.0,0.0,0.0,0.0,0.0,0.0,0.0,0.0,0.0,0.0,0.0,0.0,0.0,0.0,0.0,0.0,0.0,0.0,1.0,0.0,0.0,0.0,1.0,0.0,0.0,0.0,0.0,1.0,1.0,1.0,0.0,1.0,0.0,0.0,1.0,1.0,0.0,0.0,1.0,0.0,0.0,0.0,0.0,0.0,0.0,0.0,0.0,0.0,0.0,0.0,1.0,0.0,0.0,0.0,0.0,0.0,1.0,0.0,0.0,0.0,0.0,0.0,0.0,1.0,1.0,0.0,0.0,1.0,0.0,0.0
Ijevan,Armenia,Guest House LEADER,"What this place offers Bathroom Hair dryer Shampoo Hot water Shower gel Bedroom and laundry Essentials Towels, bed sheets, soap, and toilet paper Hangers Bed linens Extra pillows and blankets Iron Entertainment TV Home safety Fire extinguisher Lock on bedroom door Private room can be locked for safety and privacy First aid kit Internet and office Wifi Available throughout the listing Dedicated workspace Kitchen and dining Kitchen Space where guests can cook their own meals Cooking basics Pots and pans, oil, salt and pepper Location features Private entrance Separate street or building entrance Outdoor Patio or balcony Backyard An open space on the property usually covered in grass BBQ grill Parking and facilities Free parking on premises Pool Private living room Services Luggage dropoff allowed For guests' convenience when they have early arrival or late departure Long term stays allowed Allow stay for 28 days or more ",0.0,1.0,0.0,1.0,0.0,0.0,1.0,0.0,0.0,0.0,0.0,0.0,0.0,0.0,0.0,0.0,0.0,0.0,0.0,0.0,1.0,0.0,1.0,0.0,0.0,0.0,0.0,0.0,0.0,1.0,0.0,1.0,1.0,1.0,0.0,0.0,0.0,0.0,1.0,1.0,0.0,0.0,1.0,0.0,0.0,1.0,1.0,0.0,0.0,1.0,1.0,0.0,0.0,0.0,0.0,0.0,0.0,0.0,0.0,1.0,0.0,1.0,0.0,0.0,0.0,0.0,0.0,1.0,1.0,0.0,0.0,0.0,0.0,0.0,0.0,1.0,0.0,0.0,1.0,0.0,0.0
Ijevan,Armenia,Vila da luxe,"What this place offers Bathroom Hair dryer Shampoo Hot water Bedroom and laundry Washer Essentials Towels, bed sheets, soap, and toilet paper Hangers Iron Entertainment TV Suitable for events The listing can accommodate a gathering of 25 or more attendees Heating and cooling Air conditioning Heating Home safety Carbon monoxide alarm Lock on bedroom door Private room can be locked for safety and privacy First aid kit Internet and office Wifi Available throughout the listing Dedicated workspace Kitchen and dining Kitchen Space where guests can cook their own meals Parking and facilities Free parking on premises Hot tub Private living room Services Pets allowed Assistance animals are always allowed Breakfast Breakfast is provided Smoking allowed Self check-in Lockbox Long term stays allowed Allow stay for 28 days or more ",1.0,0.0,0.0,0.0,0.0,0.0,0.0,0.0,0.0,0.0,1.0,1.0,0.0,0.0,0.0,0.0,0.0,0.0,0.0,0.0,0.0,0.0,1.0,0.0,0.0,0.0,0.0,0.0,0.0,1.0,0.0,0.0,0.0,1.0,0.0,0.0,0.0,0.0,1.0,1.0,1.0,0.0,1.0,0.0,0.0,1.0,1.0,0.0,1.0,1.0,0.0,0.0,0.0,0.0,0.0,0.0,0.0,0.0,0.0,0.0,0.0,0.0,0.0,0.0,0.0,0.0,1.0,1.0,0.0,0.0,0.0,1.0,0.0,0.0,1.0,1.0,0.0,1.0,1.0,0.0,0.0
Khachardzan,Armenia,Colorful campground,"What this place offers Bedroom and laundry Essentials Towels, bed sheets, soap, and toilet paper Entertainment Suitable for events The listing can accommodate a gathering of 25 or more attendees Home safety First aid kit Location features Lake access Guests can get to a lake using a path or dock Services Pets allowed Assistance animals are always allowed Smoking allowed Long term stays allowed Allow stay for 28 days or more ",0.0,0.0,0.0,0.0,0.0,0.0,0.0,0.0,0.0,0.0,0.0,0.0,0.0,0.0,0.0,0.0,0.0,0.0,0.0,0.0,0.0,0.0,0.0,0.0,0.0,0.0,0.0,0.0,0.0,1.0,0.0,0.0,0.0,1.0,0.0,0.0,0.0,0.0,0.0,0.0,0.0,0.0,0.0,0.0,0.0,0.0,0.0,0.0,0.0,1.0,0.0,0.0,0.0,0.0,0.0,0.0,0.0,0.0,0.0,0.0,0.0,0.0,0.0,0.0,0.0,0.0,0.0,0.0,0.0,0.0,0.0,1.0,0.0,0.0,1.0,0.0,0.0,0.0,0.0,0.0,0.0
Sevan,Armenia,Sevan Lavanda city kotej,"What this place offers Bathroom Hair dryer Shampoo Bedroom and laundry Essentials Towels, bed sheets, soap, and toilet paper Hangers Iron Entertainment TV Suitable for events The listing can accommodate a gathering of 25 or more attendees Heating and cooling Air conditioning Heating Home safety First aid kit Internet and office Wifi Available throughout the listing Dedicated workspace Kitchen and dining Kitchen Space where guests can cook their own meals Parking and facilities Free parking on premises Services Smoking allowed Long term stays allowed Allow stay for 28 days or more ",1.0,0.0,0.0,0.0,0.0,0.0,0.0,0.0,0.0,0.0,0.0,0.0,0.0,0.0,0.0,0.0,0.0,0.0,0.0,0.0,0.0,0.0,1.0,0.0,0.0,0.0,0.0,0.0,0.0,1.0,0.0,0.0,0.0,1.0,0.0,0.0,0.0,0.0,1.0,1.0,1.0,0.0,0.0,0.0,0.0,1.0,1.0,0.0,0.0,1.0,0.0,0.0,0.0,0.0,0.0,0.0,0.0,0.0,0.0,0.0,0.0,0.0,0.0,0.0,0.0,0.0,0.0,1.0,0.0,0.0,0.0,1.0,0.0,0.0,1.0,1.0,0.0,0.0,1.0,0.0,0.0
Gosh,Armenia,Double Room,"What this place offers Bathroom Hair dryer Shampoo Hot water Bedroom and laundry Washer Dryer Essentials Towels, bed sheets, soap, and toilet paper Bed linens Extra pillows and blankets Iron Entertainment TV Family Crib Heating and cooling Heating Home safety Fire extinguisher Lock on bedroom door Private room can be locked for safety and privacy First aid kit Internet and office Wifi Available throughout the listing Location features Private entrance Separate street or building entrance Outdoor Patio or balcony Backyard An open space on the property usually covered in grass BBQ grill Parking and facilities Free street parking Services Pets allowed Assistance animals are always allowed Luggage dropoff allowed For guests' convenience when they have early arrival or late departure Breakfast Breakfast is provided Long term stays allowed Allow stay for 28 days or more Self check-in Building staff Someone is available 24 hours a day to let guests in Cleaning before checkout ",0.0,1.0,0.0,1.0,0.0,0.0,1.0,0.0,0.0,0.0,1.0,0.0,0.0,0.0,0.0,0.0,0.0,0.0,0.0,0.0,0.0,1.0,0.0,0.0,0.0,0.0,1.0,0.0,0.0,1.0,0.0,1.0,1.0,1.0,0.0,1.0,0.0,0.0,1.0,0.0,1.0,0.0,1.0,0.0,0.0,1.0,0.0,0.0,0.0,1.0,1.0,0.0,0.0,0.0,0.0,0.0,0.0,0.0,0.0,1.0,0.0,1.0,0.0,0.0,0.0,0.0,1.0,1.0,0.0,0.0,0.0,0.0,0.0,0.0,0.0,1.0,0.0,1.0,1.0,0.0,0.0
Gosh,Armenia,Double Room,"What this place offers Bathroom Hair dryer Shampoo Hot water Bedroom and laundry Washer Dryer Essentials Towels, bed sheets, soap, and toilet paper Bed linens Extra pillows and blankets Iron Entertainment TV Family Crib Heating and cooling Heating Home safety Fire extinguisher Lock on bedroom door Private room can be locked for safety and privacy First aid kit Internet and office Wifi Available throughout the listing Location features Private entrance Separate street or building entrance Outdoor Patio or balcony Backyard An open space on the property usually covered in grass BBQ grill Parking and facilities Free street parking Services Pets allowed Assistance animals are always allowed Luggage dropoff allowed For guests' convenience when they have early arrival or late departure Breakfast Breakfast is provided Long term stays allowed Allow stay for 28 days or more Self check-in Building staff Someone is available 24 hours a day to let guests in Cleaning before checkout ",0.0,1.0,0.0,1.0,0.0,0.0,1.0,0.0,0.0,0.0,1.0,0.0,0.0,0.0,0.0,0.0,0.0,0.0,0.0,0.0,0.0,1.0,0.0,0.0,0.0,0.0,1.0,0.0,0.0,1.0,0.0,1.0,1.0,1.0,0.0,1.0,0.0,0.0,1.0,0.0,1.0,0.0,1.0,0.0,0.0,1.0,0.0,0.0,0.0,1.0,1.0,0.0,0.0,0.0,0.0,0.0,0.0,0.0,0.0,1.0,0.0,1.0,0.0,0.0,0.0,0.0,1.0,1.0,0.0,0.0,0.0,0.0,0.0,0.0,0.0,1.0,0.0,1.0,1.0,0.0,0.0
Ijevan,Armenia,Guest House Leader,"What this place offers Bathroom Hair dryer Shampoo Bedroom and laundry Essentials Towels, bed sheets, soap, and toilet paper Hangers Iron Entertainment TV Family Crib Children’s books and toys High chair Children’s dinnerware Home safety Fire extinguisher Lock on bedroom door Private room can be locked for safety and privacy Internet and office Wifi Available throughout the listing Dedicated workspace Kitchen and dining Kitchen Space where guests can cook their own meals Location features Private entrance Separate street or building entrance Outdoor Patio or balcony Backyard An open space on the property usually covered in grass BBQ grill Parking and facilities Free parking on premises Pool Private living room Services Luggage dropoff allowed For guests' convenience when they have early arrival or late departure Smoking allowed Long term stays allowed Allow stay for 28 days or more ",0.0,1.0,0.0,1.0,0.0,0.0,0.0,0.0,0.0,0.0,0.0,0.0,0.0,0.0,1.0,0.0,0.0,0.0,0.0,0.0,0.0,1.0,1.0,0.0,0.0,0.0,0.0,0.0,0.0,1.0,0.0,0.0,1.0,0.0,0.0,0.0,0.0,0.0,1.0,1.0,0.0,1.0,0.0,0.0,0.0,1.0,1.0,0.0,0.0,1.0,1.0,0.0,0.0,0.0,0.0,0.0,0.0,0.0,0.0,1.0,0.0,1.0,0.0,0.0,0.0,0.0,0.0,1.0,0.0,0.0,0.0,1.0,0.0,0.0,0.0,1.0,0.0,0.0,1.0,0.0,0.0
Getahovit,Armenia,Guest house RG.. The inside of the house is very beautiful.,What this place offers Bathroom Hair dryer Bedroom and laundry Washer Hangers Entertainment TV Suitable for events The listing can accommodate a gathering of 25 or more attendees Heating and cooling Heating Internet and office Wifi Available throughout the listing Dedicated workspace Kitchen and dining Kitchen Space where guests can cook their own meals Location features Private entrance Separate street or building entrance Parking and facilities Free parking on premises Services Smoking allowed Host greets you ,0.0,0.0,0.0,0.0,0.0,0.0,0.0,0.0,0.0,0.0,0.0,0.0,0.0,0.0,0.0,0.0,0.0,0.0,0.0,0.0,0.0,0.0,1.0,0.0,0.0,0.0,0.0,0.0,0.0,0.0,0.0,0.0,0.0,0.0,0.0,0.0,0.0,0.0,1.0,1.0,1.0,0.0,0.0,0.0,0.0,0.0,1.0,0.0,0.0,0.0,0.0,0.0,0.0,0.0,0.0,0.0,0.0,0.0,0.0,0.0,0.0,1.0,0.0,0.0,0.0,0.0,0.0,0.0,0.0,0.0,0.0,1.0,0.0,0.0,1.0,1.0,0.0,1.0,1.0,0.0,0.0
Sevan,Armenia,SEVAN - Tsovazard,"What this place offers Bathroom Hair dryer Shampoo Bedroom and laundry Dryer Essentials Towels, bed sheets, soap, and toilet paper Entertainment TV Suitable for events The listing can accommodate a gathering of 25 or more attendees Home safety First aid kit Internet and office Wifi Available throughout the listing Kitchen and dining Kitchen Space where guests can cook their own meals Location features Beach access – Beachfront Guests can enjoy a nearby beach Parking and facilities Free parking on premises Services Pets allowed Assistance animals are always allowed Breakfast Breakfast is provided Smoking allowed ",0.0,0.0,0.0,0.0,0.0,0.0,0.0,0.0,0.0,0.0,1.0,0.0,0.0,0.0,0.0,0.0,0.0,0.0,0.0,0.0,0.0,0.0,0.0,0.0,0.0,0.0,1.0,0.0,0.0,1.0,0.0,0.0,0.0,1.0,0.0,0.0,0.0,0.0,1.0,0.0,0.0,0.0,0.0,0.0,0.0,0.0,1.0,0.0,0.0,0.0,0.0,0.0,0.0,0.0,0.0,0.0,0.0,0.0,0.0,0.0,0.0,0.0,0.0,0.0,0.0,0.0,0.0,1.0,0.0,0.0,0.0,1.0,0.0,0.0,1.0,1.0,0.0,0.0,1.0,0.0,0.0
Gosh,Armenia,The best ECO place in Armenia-Belveder Eco Resort,"What this place offers Bathroom Hair dryer Shampoo Bedroom and laundry Essentials Towels, bed sheets, soap, and toilet paper Entertainment TV Suitable for events The listing can accommodate a gathering of 25 or more attendees Heating and cooling Heating Home safety Lock on bedroom door Private room can be locked for safety and privacy Internet and office Wifi Available throughout the listing Dedicated workspace Parking and facilities Free parking on premises Services Pets allowed Assistance animals are always allowed Breakfast Breakfast is provided Smoking allowed Long term stays allowed Allow stay for 28 days or more ",0.0,0.0,0.0,0.0,0.0,0.0,0.0,0.0,0.0,0.0,1.0,0.0,0.0,0.0,0.0,0.0,0.0,0.0,0.0,0.0,0.0,0.0,1.0,0.0,0.0,0.0,0.0,0.0,0.0,1.0,0.0,0.0,0.0,0.0,0.0,0.0,0.0,0.0,1.0,0.0,1.0,0.0,0.0,0.0,0.0,0.0,0.0,0.0,0.0,1.0,0.0,0.0,0.0,0.0,0.0,0.0,0.0,0.0,0.0,0.0,0.0,0.0,0.0,0.0,0.0,0.0,0.0,1.0,0.0,0.0,0.0,1.0,0.0,0.0,1.0,1.0,0.0,0.0,1.0,0.0,0.0
Gandzakar,Armenia,Tavush Province Wonderful Tours,"What this place offers Bathroom Hair dryer Shampoo Bedroom and laundry Washer Essentials Towels, bed sheets, soap, and toilet paper Hangers Entertainment TV Heating and cooling Heating Internet and office Wifi Available throughout the listing Dedicated workspace Kitchen and dining Kitchen Space where guests can cook their own meals Parking and facilities Private living room Services Breakfast Breakfast is provided ",0.0,0.0,0.0,0.0,0.0,0.0,0.0,0.0,0.0,0.0,1.0,0.0,0.0,0.0,0.0,0.0,0.0,0.0,0.0,0.0,0.0,0.0,1.0,0.0,0.0,0.0,0.0,0.0,0.0,1.0,0.0,0.0,0.0,0.0,0.0,0.0,0.0,0.0,1.0,1.0,1.0,0.0,0.0,0.0,0.0,0.0,1.0,0.0,0.0,0.0,0.0,0.0,0.0,0.0,0.0,0.0,0.0,0.0,0.0,0.0,0.0,0.0,0.0,0.0,0.0,0.0,0.0,1.0,0.0,0.0,0.0,0.0,0.0,0.0,0.0,1.0,0.0,1.0,1.0,0.0,0.0
Abovyan,Armenia,Gagarin Hostel,What this place offers Bathroom Hot water Bedroom and laundry Washer Dryer Iron Entertainment TV Heating and cooling Air conditioning Heating Home safety Smoke alarm Carbon monoxide alarm Internet and office Wifi Available throughout the listing Kitchen and dining Kitchen Space where guests can cook their own meals Parking and facilities Free parking on premises Services Long term stays allowed Allow stay for 28 days or more ,1.0,0.0,0.0,0.0,0.0,0.0,0.0,0.0,0.0,0.0,0.0,1.0,0.0,0.0,0.0,0.0,0.0,0.0,0.0,0.0,0.0,0.0,0.0,0.0,0.0,0.0,1.0,0.0,0.0,0.0,0.0,0.0,0.0,0.0,0.0,0.0,0.0,0.0,0.0,0.0,1.0,0.0,1.0,0.0,0.0,1.0,1.0,0.0,0.0,1.0,0.0,0.0,0.0,0.0,0.0,0.0,0.0,0.0,0.0,0.0,0.0,0.0,0.0,0.0,0.0,0.0,0.0,0.0,0.0,0.0,1.0,0.0,0.0,0.0,0.0,1.0,0.0,1.0,1.0,0.0,0.0
Chambarak,Armenia,B&B ANNA,"What this place offers Bathroom Shampoo Hot water Bedroom and laundry Essentials Towels, bed sheets, soap, and toilet paper Hangers Bed linens Extra pillows and blankets Entertainment TV with standard cable Suitable for events The listing can accommodate a gathering of 25 or more attendees Heating and cooling Heating Kitchen and dining Kitchen Space where guests can cook their own meals Parking and facilities Free parking on premises Services Smoking allowed Long term stays allowed Allow stay for 28 days or more ",0.0,0.0,0.0,0.0,0.0,0.0,1.0,0.0,0.0,0.0,0.0,0.0,0.0,0.0,0.0,0.0,0.0,0.0,0.0,0.0,0.0,0.0,0.0,0.0,0.0,0.0,0.0,0.0,0.0,1.0,0.0,1.0,0.0,0.0,0.0,0.0,0.0,0.0,0.0,1.0,1.0,0.0,1.0,0.0,0.0,0.0,1.0,0.0,0.0,1.0,0.0,0.0,0.0,0.0,0.0,0.0,0.0,0.0,0.0,0.0,0.0,0.0,0.0,0.0,0.0,0.0,0.0,1.0,0.0,0.0,0.0,1.0,0.0,0.0,1.0,1.0,0.0,0.0,0.0,0.0,0.0
Aghavnavank,Armenia,Yellow tent,"What this place offers Bedroom and laundry Essentials Towels, bed sheets, soap, and toilet paper Entertainment Suitable for events The listing can accommodate a gathering of 25 or more attendees Home safety First aid kit Internet and office Dedicated workspace Kitchen and dining Kitchen Space where guests can cook their own meals Location features Waterfront Right next to a body of water Parking and facilities Free parking on premises Services Pets allowed Assistance animals are always allowed Smoking allowed Long term stays allowed Allow stay for 28 days or more ",0.0,0.0,0.0,0.0,0.0,0.0,0.0,0.0,0.0,0.0,0.0,0.0,0.0,0.0,0.0,0.0,0.0,0.0,0.0,0.0,0.0,0.0,1.0,0.0,0.0,0.0,0.0,0.0,0.0,1.0,0.0,0.0,0.0,1.0,0.0,0.0,0.0,0.0,0.0,0.0,0.0,0.0,0.0,0.0,0.0,0.0,1.0,0.0,0.0,1.0,0.0,0.0,0.0,0.0,0.0,0.0,0.0,0.0,0.0,0.0,0.0,0.0,0.0,0.0,0.0,0.0,0.0,0.0,0.0,0.0,0.0,1.0,0.0,0.0,1.0,0.0,0.0,0.0,0.0,0.0,0.0
Tsovazard,Armenia,Tsovazardi Sochiner Camping,"Amenities Bathroom Hot water Bedroom and laundry Washer Essentials Towels, bed sheets, soap, and toilet paper Iron Entertainment TV Heating and cooling Heating Home safety First aid kit Internet and office Wifi Available throughout the listing Dedicated workspace Kitchen and dining Kitchen Space where guests can cook their own meals Location features Lake access Guests can get to a lake using a path or dock Parking and facilities Free parking on premises Services Long term stays allowed Allow stay for 28 days or more ",0.0,0.0,0.0,0.0,0.0,0.0,0.0,0.0,0.0,0.0,0.0,0.0,0.0,0.0,0.0,0.0,0.0,0.0,0.0,0.0,0.0,0.0,1.0,0.0,0.0,0.0,0.0,0.0,0.0,1.0,0.0,0.0,0.0,1.0,0.0,0.0,0.0,0.0,0.0,0.0,1.0,0.0,1.0,0.0,0.0,1.0,1.0,0.0,0.0,1.0,0.0,0.0,0.0,0.0,0.0,0.0,0.0,0.0,0.0,0.0,0.0,0.0,0.0,0.0,0.0,0.0,0.0,0.0,0.0,0.0,0.0,0.0,0.0,0.0,0.0,1.0,0.0,1.0,1.0,0.0,0.0
Ijevan,Armenia,ijevan lodge,"What this place offers Bathroom Hair dryer Shampoo Bedroom and laundry Washer Essentials Towels, bed sheets, soap, and toilet paper Iron Entertainment TV Heating and cooling Air conditioning Heating Home safety First aid kit Internet and office Wifi Available throughout the listing Dedicated workspace Kitchen and dining Kitchen Space where guests can cook their own meals Parking and facilities Free parking on premises Services Breakfast Breakfast is provided Smoking allowed Long term stays allowed Allow stay for 28 days or more ",1.0,0.0,0.0,0.0,0.0,0.0,0.0,0.0,0.0,0.0,1.0,0.0,0.0,0.0,0.0,0.0,0.0,0.0,0.0,0.0,0.0,0.0,1.0,0.0,0.0,0.0,0.0,0.0,0.0,1.0,0.0,0.0,0.0,1.0,0.0,0.0,0.0,0.0,1.0,0.0,1.0,0.0,0.0,0.0,0.0,1.0,1.0,0.0,0.0,1.0,0.0,0.0,0.0,0.0,0.0,0.0,0.0,0.0,0.0,0.0,0.0,0.0,0.0,0.0,0.0,0.0,0.0,1.0,0.0,0.0,0.0,1.0,0.0,0.0,0.0,1.0,0.0,1.0,1.0,0.0,0.0
Ijevan,Armenia,Enjoy warm Armenian hospitality,"What this place offers Bathroom Hair dryer Shampoo Hot water Bedroom and laundry Washer Essentials Towels, bed sheets, soap, and toilet paper Hangers Iron Entertainment TV Family Crib Pack ’n Play/travel crib Children’s books and toys High chair Heating and cooling Air conditioning Heating Home safety Smoke alarm Carbon monoxide alarm Fire extinguisher Lock on bedroom door Private room can be locked for safety and privacy First aid kit Internet and office Wifi Available throughout the listing Dedicated workspace Kitchen and dining Kitchen Space where guests can cook their own meals Location features Private entrance Separate street or building entrance Parking and facilities Free parking on premises Free street parking Paid parking off premises Paid parking on premises Private living room Services Luggage dropoff allowed For guests' convenience when they have early arrival or late departure Breakfast Breakfast is provided Long term stays allowed Allow stay for 28 days or more Host greets you ",1.0,0.0,0.0,0.0,0.0,0.0,0.0,0.0,0.0,0.0,1.0,1.0,0.0,0.0,1.0,0.0,0.0,0.0,0.0,0.0,0.0,1.0,1.0,0.0,0.0,0.0,0.0,0.0,0.0,1.0,0.0,0.0,1.0,1.0,0.0,1.0,0.0,0.0,1.0,1.0,1.0,1.0,1.0,0.0,0.0,1.0,1.0,0.0,0.0,1.0,1.0,0.0,0.0,0.0,0.0,0.0,0.0,1.0,1.0,0.0,0.0,1.0,0.0,0.0,0.0,0.0,0.0,1.0,0.0,0.0,1.0,0.0,0.0,0.0,0.0,1.0,0.0,1.0,1.0,0.0,0.0
Gavar,Armenia,Gavar Bed and breakfast,"What this place offers Bathroom Shampoo Bedroom and laundry Washer Essentials Towels, bed sheets, soap, and toilet paper Entertainment Suitable for events The listing can accommodate a gathering of 25 or more attendees Heating and cooling Air conditioning Heating Home safety Lock on bedroom door Private room can be locked for safety and privacy Internet and office Wifi Available throughout the listing Dedicated workspace Parking and facilities Private living room Services Breakfast Breakfast is provided Self check-in Smart lock ",1.0,0.0,0.0,0.0,0.0,0.0,0.0,0.0,0.0,0.0,1.0,0.0,0.0,0.0,0.0,0.0,0.0,0.0,0.0,0.0,0.0,0.0,1.0,0.0,0.0,0.0,0.0,0.0,0.0,1.0,0.0,0.0,0.0,0.0,0.0,0.0,0.0,0.0,0.0,0.0,1.0,0.0,0.0,0.0,0.0,0.0,0.0,0.0,0.0,0.0,0.0,0.0,0.0,0.0,0.0,0.0,0.0,0.0,0.0,0.0,0.0,0.0,0.0,0.0,0.0,0.0,1.0,1.0,0.0,0.0,0.0,0.0,0.0,0.0,1.0,0.0,0.0,1.0,1.0,0.0,0.0
Gavar,Armenia,Paxlava house/ Փախլավա հաուս /,"What this place offers Bathroom Hair dryer Shampoo Bedroom and laundry Washer Essentials Towels, bed sheets, soap, and toilet paper Hangers Iron Entertainment TV Heating and cooling Air conditioning Heating Home safety Lock on bedroom door Private room can be locked for safety and privacy First aid kit Internet and office Wifi Available throughout the listing Dedicated workspace Kitchen and dining Kitchen Space where guests can cook their own meals Parking and facilities Free parking on premises Private living room Services Breakfast Breakfast is provided Long term stays allowed Allow stay for 28 days or more ",1.0,0.0,0.0,0.0,0.0,0.0,0.0,0.0,0.0,0.0,1.0,0.0,0.0,0.0,0.0,0.0,0.0,0.0,0.0,0.0,0.0,0.0,1.0,0.0,0.0,0.0,0.0,0.0,0.0,1.0,0.0,0.0,0.0,1.0,0.0,0.0,0.0,0.0,1.0,1.0,1.0,0.0,0.0,0.0,0.0,1.0,1.0,0.0,0.0,1.0,0.0,0.0,0.0,0.0,0.0,0.0,0.0,0.0,0.0,0.0,0.0,0.0,0.0,0.0,0.0,0.0,0.0,1.0,0.0,0.0,0.0,0.0,0.0,0.0,0.0,1.0,0.0,1.0,1.0,0.0,0.0
Gosh,Armenia,Deluxe,"What this place offers Bathroom Hair dryer Shampoo Hot water Bedroom and laundry Washer Dryer Essentials Towels, bed sheets, soap, and toilet paper Hangers Bed linens Extra pillows and blankets Iron Entertainment TV Suitable for events The listing can accommodate a gathering of 25 or more attendees Family Crib Heating and cooling Heating Home safety Fire extinguisher Lock on bedroom door Private room can be locked for safety and privacy First aid kit Internet and office Wifi Available throughout the listing Dedicated workspace Location features Private entrance Separate street or building entrance Outdoor Patio or balcony Backyard An open space on the property usually covered in grass BBQ grill Parking and facilities Free parking on premises Free street parking Services Pets allowed Assistance animals are always allowed Luggage dropoff allowed For guests' convenience when they have early arrival or late departure Breakfast Breakfast is provided Smoking allowed Long term stays allowed Allow stay for 28 days or more Cleaning before checkout ",0.0,1.0,0.0,1.0,0.0,0.0,1.0,0.0,0.0,0.0,1.0,0.0,0.0,0.0,0.0,0.0,0.0,0.0,0.0,0.0,0.0,1.0,1.0,0.0,0.0,0.0,1.0,0.0,0.0,1.0,0.0,1.0,1.0,1.0,0.0,1.0,0.0,0.0,1.0,1.0,1.0,0.0,1.0,0.0,0.0,1.0,0.0,0.0,0.0,1.0,1.0,0.0,0.0,0.0,0.0,0.0,0.0,0.0,0.0,1.0,0.0,1.0,0.0,0.0,0.0,0.0,0.0,1.0,0.0,0.0,0.0,1.0,0.0,0.0,1.0,1.0,0.0,1.0,1.0,0.0,0.0
Ijevan,Armenia,Qarvansara Resort,"What this place offers Bathroom Hair dryer Shampoo Bedroom and laundry Essentials Towels, bed sheets, soap, and toilet paper Hangers Iron Entertainment TV Heating and cooling Air conditioning Heating Home safety Lock on bedroom door Private room can be locked for safety and privacy First aid kit Internet and office Wifi Available throughout the listing Dedicated workspace Location features Private entrance Separate street or building entrance Parking and facilities Free parking on premises Services Breakfast Breakfast is provided Smoking allowed Long term stays allowed Allow stay for 28 days or more ",1.0,0.0,0.0,0.0,0.0,0.0,0.0,0.0,0.0,0.0,1.0,0.0,0.0,0.0,0.0,0.0,0.0,0.0,0.0,0.0,0.0,0.0,1.0,0.0,0.0,0.0,0.0,0.0,0.0,1.0,0.0,0.0,0.0,1.0,0.0,0.0,0.0,0.0,1.0,1.0,1.0,0.0,0.0,0.0,0.0,1.0,0.0,0.0,0.0,1.0,0.0,0.0,0.0,0.0,0.0,0.0,0.0,0.0,0.0,0.0,0.0,1.0,0.0,0.0,0.0,0.0,0.0,1.0,0.0,0.0,0.0,1.0,0.0,0.0,0.0,1.0,0.0,0.0,1.0,0.0,0.0
Yerevan,Armenia,Gladzor Resort | Gladzor resort,"What this place offers Bathroom Hot water Bedroom and laundry Essentials Towels, bed sheets, soap, and toilet paper Hangers Bed linens Entertainment Suitable for events The listing can accommodate a gathering of 25 or more attendees Home safety Lock on bedroom door Private room can be locked for safety and privacy First aid kit Internet and office Wifi Available throughout the listing Dedicated workspace Kitchen and dining Kitchen Space where guests can cook their own meals Refrigerator Location features Waterfront Right next to a body of water Beach access – Beachfront Guests can enjoy a nearby beach Lake access Guests can get to a lake using a path or dock Private entrance Separate street or building entrance Outdoor Patio or balcony BBQ grill Parking and facilities Free parking on premises Free street parking Pool Single level home No stairs in home Private living room Services Smoking allowed Long term stays allowed Allow stay for 28 days or more ",0.0,1.0,0.0,0.0,0.0,0.0,1.0,0.0,0.0,0.0,0.0,0.0,0.0,0.0,0.0,0.0,0.0,0.0,0.0,0.0,0.0,0.0,1.0,0.0,0.0,0.0,0.0,0.0,0.0,1.0,0.0,0.0,0.0,1.0,0.0,1.0,0.0,0.0,0.0,1.0,0.0,0.0,1.0,0.0,0.0,0.0,1.0,0.0,0.0,1.0,0.0,0.0,0.0,0.0,0.0,0.0,0.0,0.0,0.0,1.0,0.0,1.0,0.0,1.0,0.0,0.0,0.0,0.0,0.0,1.0,0.0,1.0,0.0,0.0,1.0,0.0,0.0,0.0,1.0,0.0,0.0
Dilijan,Armenia,Eco-tourism,"What this place offers Bathroom Hair dryer Shampoo Hot water Bedroom and laundry Essentials Towels, bed sheets, soap, and toilet paper Hangers Bed linens Iron Entertainment Suitable for events The listing can accommodate a gathering of 25 or more attendees Heating and cooling Heating Home safety Lock on bedroom door Private room can be locked for safety and privacy First aid kit Internet and office Dedicated workspace Kitchen and dining Refrigerator Dishes and silverware Baking sheet Barbecue utensils Location features Lake access Guests can get to a lake using a path or dock Private entrance Separate street or building entrance Outdoor Patio or balcony Backyard An open space on the property usually covered in grass BBQ grill Parking and facilities Free parking on premises Private living room Services Breakfast Breakfast is provided Smoking allowed Long term stays allowed Allow stay for 28 days or more ",0.0,1.0,0.0,1.0,1.0,0.0,1.0,0.0,0.0,0.0,1.0,0.0,0.0,0.0,0.0,0.0,0.0,0.0,0.0,0.0,0.0,0.0,1.0,0.0,1.0,0.0,0.0,0.0,0.0,1.0,0.0,0.0,0.0,1.0,0.0,0.0,0.0,0.0,1.0,1.0,1.0,0.0,1.0,0.0,0.0,1.0,1.0,0.0,0.0,1.0,0.0,0.0,0.0,0.0,0.0,0.0,0.0,0.0,0.0,1.0,0.0,1.0,0.0,1.0,0.0,0.0,0.0,1.0,0.0,0.0,0.0,1.0,0.0,0.0,1.0,0.0,0.0,0.0,0.0,0.0,0.0
Sevan,Armenia,LAVANDA CITY COTTAGES,"What this place offers Bathroom Hair dryer Shampoo Bedroom and laundry Washer Dryer Essentials Towels, bed sheets, soap, and toilet paper Iron Entertainment TV Suitable for events The listing can accommodate a gathering of 25 or more attendees Family Pack ’n Play/travel crib Heating and cooling Air conditioning Indoor fireplace Heating Home safety Smoke alarm Carbon monoxide alarm Fire extinguisher First aid kit Internet and office Wifi Available throughout the listing Dedicated workspace Kitchen and dining Kitchen Space where guests can cook their own meals Cooking basics Pots and pans, oil, salt and pepper Location features Private entrance Separate street or building entrance Parking and facilities Free parking on premises Pool Services Pets allowed Assistance animals are always allowed ",1.0,0.0,0.0,0.0,0.0,0.0,0.0,0.0,0.0,0.0,0.0,1.0,0.0,0.0,0.0,0.0,0.0,0.0,0.0,0.0,1.0,0.0,1.0,0.0,0.0,0.0,1.0,0.0,0.0,1.0,0.0,0.0,1.0,1.0,0.0,0.0,0.0,0.0,1.0,0.0,1.0,0.0,0.0,0.0,1.0,1.0,1.0,0.0,0.0,0.0,0.0,0.0,0.0,0.0,0.0,0.0,0.0,0.0,0.0,0.0,0.0,1.0,0.0,0.0,0.0,0.0,0.0,1.0,0.0,0.0,1.0,0.0,0.0,0.0,1.0,1.0,0.0,1.0,1.0,0.0,0.0
Sevan,Armenia,Family Cozy by Lake Sevan in the Galley Hotel.,"What this place offers Bathroom Hair dryer Shampoo Bedroom and laundry Washer Essentials Towels, bed sheets, soap, and toilet paper Entertainment TV with standard cable Suitable for events The listing can accommodate a gathering of 25 or more attendees Heating and cooling Heating Home safety Fire extinguisher First aid kit Internet and office Wifi Available throughout the listing Dedicated workspace Parking and facilities Free parking on premises Gym Services Pets allowed Assistance animals are always allowed Breakfast Breakfast is provided Long term stays allowed Allow stay for 28 days or more ",0.0,0.0,0.0,0.0,0.0,0.0,0.0,0.0,0.0,0.0,1.0,0.0,0.0,0.0,0.0,0.0,0.0,0.0,0.0,0.0,0.0,0.0,1.0,0.0,0.0,0.0,0.0,0.0,0.0,1.0,0.0,0.0,1.0,1.0,0.0,0.0,0.0,0.0,1.0,0.0,1.0,0.0,0.0,0.0,0.0,0.0,0.0,0.0,0.0,1.0,0.0,0.0,0.0,0.0,0.0,0.0,0.0,0.0,0.0,0.0,0.0,0.0,0.0,0.0,0.0,0.0,0.0,1.0,0.0,0.0,0.0,0.0,0.0,0.0,1.0,1.0,0.0,1.0,1.0,0.0,0.0
